path	bytes	ext	sha256
ambient_horror_techiew/ambient_horror.ogg	776232	.ogg	70943868cd7df14310bf0613da1c0c8858e0fb82ce554cb45bfd5a268d6f44d4
ambient_loops_rubberduck/alarm_01.ogg	115981	.ogg	c610a2e85119e9637680a2a48cc0d74e330c52cf7dee9a88362fbb53df11598f
ambient_loops_rubberduck/alarm_02.ogg	22650	.ogg	26f1a445657e35c2639a0fecb2535c19a890cf3d70f65606d5729429efa95c1f
ambient_loops_rubberduck/alarm_03.ogg	67749	.ogg	eb34cc19e782d6cefa033878e06819743a16d8d8b8e05b1cd19555d820c8017b
ambient_loops_rubberduck/ambient_01.ogg	258149	.ogg	4dca0e4890c0f7658b3e67c624416cdb8379f195ee68915cc076a0ed329b6c8f
ambient_loops_rubberduck/ambient_02.ogg	165771	.ogg	a04dc87827cc9b02d072ee1ebb8511a466564e643a30ec01d9ac977ac129f4af
ambient_loops_rubberduck/ambient_03.ogg	344716	.ogg	f92568d52d3462454379fe8584155e816d3d44dc797ca055c97c6ee12f3abe8a
ambient_loops_rubberduck/machine_01.ogg	56095	.ogg	06bef91dcdb0a7e034f29196d36ba4d5a55e51038df4b299178d457fb978e6fb
ambient_loops_rubberduck/machine_02.ogg	28176	.ogg	8cade134b4dc17b2037933f74a85c4e1fe25b56465dd472fece68ecb2509a78d
ambient_loops_rubberduck/machine_03.ogg	31880	.ogg	761022102cd41c7dded743f1ee144024fd4e0591dbb6cf994cf41e8d35782843
ambient_loops_rubberduck/machine_04.ogg	28418	.ogg	8fe4917b24ea85ee54273fcef2c024057214db7b8468eface5ea8a602f292bb9
ambient_loops_rubberduck/machine_05.ogg	52518	.ogg	a894d8986bd38e9b708deeee3f659f0f75018c74de3646fb6bdecda09ca11295
ambient_loops_rubberduck/machine_06.ogg	141035	.ogg	ed60a902c2bb889d9a34c85651a6967e0a27d09c100b58ffacc9406f76ab92f2
ambient_loops_rubberduck/machine_07.ogg	53482	.ogg	b06cc36d9be4398e99a203b085a75ba779ecadbf981ab65d3ea5ec45d77842c3
ambient_loops_rubberduck/machine_08.ogg	165814	.ogg	b663b3bf386f36317deb3a4ba03aa2b154cf4e594b772ee9e59021958299e429
ambient_loops_rubberduck/machine_09.ogg	106129	.ogg	d19a9b0c9683ba862df54ee5a8bfe1abf4db48c084c47a4d96b18112624c249f
ambient_loops_rubberduck/machine_10.ogg	67988	.ogg	a9aa0a0de4665619274d3d6020100cf97d9948fcc033ec49f59bae52a8fef802
ambient_loops_rubberduck/machine_11.ogg	283898	.ogg	ca9c20c27e8d5c47911e02992662b8ad44afd54fecee20bb523e25fdb2b8080a
ambient_loops_rubberduck/noise_01.ogg	274225	.ogg	1daaaaa63889d840e810ccb10bd32d0288e1b071a89878da97daf0ec97ffeccf
ambient_loops_rubberduck/noise_02.ogg	146990	.ogg	b1cb867f85c2735023943686e8d4976f1c29c094c5951cf1f6ce91ce70cac5ba
ambient_loops_rubberduck/noise_03.ogg	110117	.ogg	b8c173748a2e07634c549127fbad757d85c83ee4430a58c981c99a8b84518d6d
ambient_loops_rubberduck/pump_01.ogg	119419	.ogg	e2bd71e64889b7471154538b5401692e81dde4df398b72db9ed1dd7496583913
ambient_loops_rubberduck/pump_02.ogg	81808	.ogg	4942a848792a20f10e69a82b68bb4fadbab4d4c1e65c3df2055fb9a780f6009e
ambient_loops_rubberduck/rain.ogg	189015	.ogg	8d153f3f6ee266484f679d7149c80a1afcf4dcfeb9f2c1b6206ed780a12273fb
ambient_loops_rubberduck/rolling.ogg	51513	.ogg	24b5fd290b2008de9b087687ae41db833068a86ef7c0f1b230ce8bf0859b7291
ambient_loops_rubberduck/saw.ogg	95942	.ogg	395788a09e2916c25caa1e45a06e955ff4429d811a3d63d3bed2a7b3764bf261
ambient_loops_rubberduck/water_boiling.ogg	208960	.ogg	e75fb982ec50cca628ba18845e81211e12ed4cdc5080609d55ee2d60873320af
ambient_loops_rubberduck/water_flowing.ogg	74344	.ogg	1a431f77d61661becdc87a5b1832d47f83a12a5c0b001077e41a202e739797a7
ambient_loops_rubberduck/weird_01.ogg	63734	.ogg	b2032cce5242b2c451c9404701fa62ec56c25ec707dea115343666be75914c99
ambient_loops_rubberduck/weird_02.ogg	126267	.ogg	d9c741e3ef3a5bfe1418d6e59916c4a02af72b52874db72497255fe4905bcddb
ambient_loops_rubberduck/weird_03.ogg	197132	.ogg	c03c74bc98dff8c93618b686896ff11f3d7f7feead0bf98bba023bcfa9d47e17
breaking_falling_hits/bfh1_breaking_01.ogg	48222	.ogg	a714412c46a3409b0de3f10c681f780f534eb81b4b95522ab1f666ec3cbcf900
breaking_falling_hits/bfh1_breaking_02.ogg	21954	.ogg	ca1807a8008c74472042b8e1cc06ad723e00ff80a603879ebd7c2e5ba08573c4
breaking_falling_hits/bfh1_breaking_03.ogg	19730	.ogg	3ad487a133b2d9641c92f8d7041c23f4e342eb6e5f89cdf35348c2486c25f1f1
breaking_falling_hits/bfh1_falling_01.ogg	48286	.ogg	98dd38f5684f635755645aeb8e2cd2fd04e65913b35588a5e9444c351b56e2c2
breaking_falling_hits/bfh1_falling_02.ogg	45614	.ogg	1d4d3def96f410f5af2681357e0dd198502549dbc82637bfdeafbe59ada7d006
breaking_falling_hits/bfh1_falling_03.ogg	39014	.ogg	6eacbca2aa8fb1f67d953ba40a314abea1ab446d61d4232e8d6d54dc97257c8f
breaking_falling_hits/bfh1_falling_04.ogg	49591	.ogg	e6b64465a5f48147dfa9b0ce1d25b8401799acfced320c167c9438790d436048
breaking_falling_hits/bfh1_falling_05.ogg	31488	.ogg	b27b77d60c971c7064496a124b0aa91087fd602186f63ba31fca2e98949871f6
breaking_falling_hits/bfh1_falling_06.ogg	27461	.ogg	9950100a25a6771513d405be0d37e52a50837e12b2865a6c2a9f9622598736a6
breaking_falling_hits/bfh1_falling_07.ogg	44299	.ogg	9f369662ba8d6877740f443f404ed6f3505923c6bf17b2381548c6914054b5bf
breaking_falling_hits/bfh1_glass_breaking_01.ogg	27455	.ogg	438c45398ee77a40d5cc6ffcc59db0cdc709dc6d0521da5e2896b4afc19fcacb
breaking_falling_hits/bfh1_glass_breaking_02.ogg	20727	.ogg	35dcb1dc69338bad745e1cd56c676d04e4afb6687b9aa6d05ba83a255252747b
breaking_falling_hits/bfh1_glass_breaking_03.ogg	31276	.ogg	065edd6caeb5846fa9cddbaeacbabcdea834e7c42182ff98297f2e49f126cc25
breaking_falling_hits/bfh1_glass_breaking_04.ogg	32779	.ogg	b5038806325fa2f336a70cfb72c643d6eaa6e69df084988d4c63d65a0123000c
breaking_falling_hits/bfh1_glass_breaking_05.ogg	21425	.ogg	9e788240282b05f4fd70414b133ab43f9f0c82e36f4879f7eefc9ed062850574
breaking_falling_hits/bfh1_glass_breaking_06.ogg	36433	.ogg	5dad395c21e85d0750be4b1f9c110aeba366ee5da0dadae8c307497e0a4b4c0d
breaking_falling_hits/bfh1_glass_falling_01.ogg	20124	.ogg	444d1d351eada5c0b8849420dd09fcd95024e28fc7423b3f41effd0df1729337
breaking_falling_hits/bfh1_glass_falling_02.ogg	39114	.ogg	27d1c4f6ded6aab19ce3c573139c65ed756719d6e200ca08bd387d499e27e6e0
breaking_falling_hits/bfh1_glass_falling_03.ogg	25853	.ogg	60311be4cc96c38de5d79377a5506977528f6c5830557ea5454003e558fc53f1
breaking_falling_hits/bfh1_glass_falling_04.ogg	29033	.ogg	09c9e3e4b6b3ca5641a820a8709916f7d8ccc66611ac8c2b12f706409a1c2e29
breaking_falling_hits/bfh1_glass_hit_01.ogg	11267	.ogg	eb32d258cb72a304a3571fb0849f4b89c212cf21f434aad304bfb7eacfe9cb49
breaking_falling_hits/bfh1_glass_hit_02.ogg	14091	.ogg	451e56c4c581305c985ad58ca1e6b15cd7562a5ff1b2a49d66a732fec0ca9a0b
breaking_falling_hits/bfh1_hit_01.ogg	28246	.ogg	56c627582671ee7f7910d87dee7a0a77814143e06b430cd10cd9e674ec1990d5
breaking_falling_hits/bfh1_hit_02.ogg	30619	.ogg	a3bd154c391e65947dcd700dfa64b927676253a2e1d229e63443f0ef5f955474
breaking_falling_hits/bfh1_hit_03.ogg	19171	.ogg	91ef5562417a631bdb306d3c70ec7d33a2d418f5266c1488695a993877af21f9
breaking_falling_hits/bfh1_hit_04.ogg	16929	.ogg	7f91945ce8e8337c9be832d2e2b8c0c411723731e2f160b89801554ea6b7fdb9
breaking_falling_hits/bfh1_hit_05.ogg	8330	.ogg	c3e1a46dcf5dc0c15706f3333bfccd0b8d491aa197bc39274a6b5588b3da1ffd
breaking_falling_hits/bfh1_hit_06.ogg	16231	.ogg	25d4a1eb98a413a15618f5d4ea0dcc3358b7ceae90c609c34c6e56c5ab962c58
breaking_falling_hits/bfh1_hit_07.ogg	21880	.ogg	ef0d78e6079b8e66eeded21564f076ee537b8cfa789b140cb0d9d9e10980e04c
breaking_falling_hits/bfh1_hit_08.ogg	19704	.ogg	646d780521b035ad2f9865bf8f389c5ecaf895e373a0c50918a0bfc26002734e
breaking_falling_hits/bfh1_hit_09.ogg	10881	.ogg	0ba19daecc3ba0329520fb1081ac34c9d05ec0dbc047bdd46c6b792742304150
breaking_falling_hits/bfh1_hit_10.ogg	13017	.ogg	d940e43687f3bfd442a3796184b429add4afe6b5ac2e99a568ad2ce5eeb713b8
breaking_falling_hits/bfh1_hit_11.ogg	10651	.ogg	2afec5267c68aeef3ffc20edd9364f20035b51bb61a0a25e0d4f4ce2eb4b381d
breaking_falling_hits/bfh1_hit_12.ogg	24811	.ogg	ce5718e387153d651b8b54c92fdd281bd67a8136b3fad87d7d3bd2b403267969
breaking_falling_hits/bfh1_hit_13.ogg	15630	.ogg	d22c573c32dd637caf531e0863de54e2b0bb7b0d22e555e16e9950e7e1f2fd2b
breaking_falling_hits/bfh1_metal_falling_01.ogg	42021	.ogg	7071a56807c7ccf3aa4becba09abd08df0f3e1c844b1ce47d6975dcdfe49562d
breaking_falling_hits/bfh1_metal_falling_02.ogg	31167	.ogg	e40e73a05a9b1ae7d45e24aa898bf610b32334dae80a5c00abe3e2ce0f7d207a
breaking_falling_hits/bfh1_metal_falling_03.ogg	13766	.ogg	968284eeb6838bd6f41ec721a763d12eab5130b541f120aa1887008b0b1c73ae
breaking_falling_hits/bfh1_metal_falling_04.ogg	14609	.ogg	bfa1a79f6f7f6f9e811d052fa5b6989ddf272243c98673bc107552caff1ed16a
breaking_falling_hits/bfh1_metal_falling_05.ogg	17013	.ogg	476c97d3a5011977a01e3ed2774d1a879cb009879294a013976eb50d4864cb20
breaking_falling_hits/bfh1_metal_hit_01.ogg	11820	.ogg	fcb2e28730c725b794af2e48c784ca933396cf5792f9e24869ed969ae4d888ed
breaking_falling_hits/bfh1_metal_hit_02.ogg	23524	.ogg	e368991507cfb1ad84743fa64289bd8731acd1b8fa256db1612a30cd0c7d2725
breaking_falling_hits/bfh1_metal_hit_03.ogg	16778	.ogg	9ae472059557118675f843f5a0a16eea20331d1d1ee2a60a1b4757580579f00f
breaking_falling_hits/bfh1_metal_hit_04.ogg	13131	.ogg	9888a711535c4474f8599dbb427f591858ecf1a2fd77d1ed86e4234631d82e92
breaking_falling_hits/bfh1_metal_hit_05.ogg	15916	.ogg	393a4e3c38aa1e3144fcc9972f68f25e38d1852e4793bbd9d0d88a467f319b6b
breaking_falling_hits/bfh1_metal_hit_06.ogg	18001	.ogg	f571aff29262c66954900922cd70d1de25e0acd924c5d71c4536137d3659993b
breaking_falling_hits/bfh1_misc_01.ogg	23824	.ogg	db71b0c607b0490b6269d1e2cac2550799d4895f41b187c0312527f3deab8c24
breaking_falling_hits/bfh1_misc_02.ogg	28709	.ogg	8dbed98283390813efde7c3be859ccc5523bcce130ee50774e6e55fe280e8719
breaking_falling_hits/bfh1_misc_03.ogg	22266	.ogg	955f4015607103faabc6f76c6751873ef971ee8eb18917dd6294d8a73394bffb
breaking_falling_hits/bfh1_misc_04.ogg	12814	.ogg	e55447a96cd60338a7b8b937e7bd2330b13e0de10966360fd9d1a1eb5f8d8691
breaking_falling_hits/bfh1_misc_05.ogg	13658	.ogg	ddfc012bf42c40bfb9cf89f7eb3d662085ede0d06d2a6baccd7bd871c1cc946e
breaking_falling_hits/bfh1_misc_06.ogg	41746	.ogg	d3026063e187e19030960be623221b8bb32d70f60f9f63d8d50aa45e49ef6d2a
breaking_falling_hits/bfh1_misc_07.ogg	30071	.ogg	f5a41f199e25cac839f7500441dba176f705c4fd14c9ce3f851d4e09adc71a90
breaking_falling_hits/bfh1_rock_breaking_01.ogg	30092	.ogg	970cac3139e1530009ca87f8ee0dd800dc4da61917a5e62bdc83d475a9bf4da7
breaking_falling_hits/bfh1_rock_breaking_02.ogg	45809	.ogg	3e06b794511f693b6aaca5eee1d47491bab74d814746a68de6c8bf4eec744ccc
breaking_falling_hits/bfh1_rock_breaking_03.ogg	26580	.ogg	a4f7a3ccebff4e8211b6aa146b8ff708bdea1c4e41115ab3b8a0d0c33094d6ee
breaking_falling_hits/bfh1_rock_falling_01.ogg	36250	.ogg	9e58d2d3302c1bad27267cef6a2b3b47bb636f49f77d8e4b986ac81a26e80d7b
breaking_falling_hits/bfh1_rock_falling_02.ogg	18412	.ogg	c8421825c5e08e4bf4ed290232963aeffcf4e179c28d33a6714c5fb9704f799f
breaking_falling_hits/bfh1_rock_falling_03.ogg	40966	.ogg	16080f9bc90924b0e4ede52922529e30e34e72af32a505b39bdfc5ebcbb9248c
breaking_falling_hits/bfh1_rock_falling_04.ogg	15560	.ogg	a60fb182abebc50819d4794adbed365c940219307b713c3224d93b7f384635e9
breaking_falling_hits/bfh1_rock_falling_05.ogg	19534	.ogg	5ccb5d99ae33341d9f80fe760174182f0d2d98477b8340ee51d3f7de31279693
breaking_falling_hits/bfh1_rock_falling_06.ogg	12935	.ogg	73142e5b167bc8c3660f13e1282926139b52647af0305d0934f7c96aef7d8e75
breaking_falling_hits/bfh1_rock_falling_07.ogg	17452	.ogg	66a659f0082ab3a282804a3ce5c42f096d41706fff1fa24a5328905fe41883fc
breaking_falling_hits/bfh1_rock_falling_08.ogg	19708	.ogg	bb0f1bc082d00921eb08418eb7db4ce20ecadc4b0e4b58421e51f12b9dcbc2cb
breaking_falling_hits/bfh1_rock_falling_09.ogg	30700	.ogg	3a85c1110c4c67837270ad78b8679a8afb48a1bad3ee6351ef4e360f28fa6096
breaking_falling_hits/bfh1_rock_hit_01.ogg	7792	.ogg	a9c0d7e562bdcc7619bb100206305ac2300f9bb7e4533bdfbae46da4289fe994
breaking_falling_hits/bfh1_wood_breaking_01.ogg	13577	.ogg	24e84b95c0fc94a1a5fb9e04edcdabbbfed987e787fcbd9c55c4651ced5c37f8
breaking_falling_hits/bfh1_wood_breaking_02.ogg	13262	.ogg	6ff0b54f0efd9e0c87b6bfb0870b79f2d4328080c70da6824110460fcc1872c2
breaking_falling_hits/bfh1_wood_breaking_03.ogg	17119	.ogg	0d230f703fe558b61e93cbd4d7cc6ebb5b73e752bcdd13f5c4347c013b405ca7
breaking_falling_hits/bfh1_wood_breaking_04.ogg	17223	.ogg	11b697d90021f7e1639bb26c61465aa9bc03838a7b605d917a638dd92ee40ce8
breaking_falling_hits/bfh1_wood_falling_01.ogg	33543	.ogg	36e5d8905268c641c3d391c10f0297b9c46ba30d3b551e24d59eafcf33643a10
breaking_falling_hits/bfh1_wood_falling_02.ogg	19812	.ogg	8f72d144e2cd9058ee8e81ff6f27f936e5d33008b3580d6b6c02d58fa4268a59
breaking_falling_hits/bfh1_wood_hit_01.ogg	11603	.ogg	841caeb101eeaebcb88afed9cd64db0de1b00c7f3b06835daefaabc95b970337
breaking_falling_hits/bfh1_wood_hit_02.ogg	13514	.ogg	16851c45e3d7add9f7ff8fe18d7b43e2d7d368b9bd1260d198127851b17af6d7
breaking_falling_hits/bfh1_wood_hit_03.ogg	14848	.ogg	3b9f304e4de3a54624cfa9e2b2326cfe4c202d3e368dd899e7dacb0d0be78f57
creature_rubberduck_01/alien_01.ogg	43847	.ogg	a725a4aef74d75bf8ddc9bc90abd49d1ba8380c62d80ee1318cf97c48c7a4124
creature_rubberduck_01/alien_02.ogg	38506	.ogg	a28c192579824352a0177d71d9f2fe32560d17b00fbc16297488bddd07ddcdc9
creature_rubberduck_01/alien_03.ogg	53349	.ogg	8e417706c6ca3f7eb99d9500d17bf74ef977d16c540dfa9d695db4721cc30003
creature_rubberduck_01/alien_04.ogg	34957	.ogg	0a46b3c9f1028ea251bc0aa82bb9bdaa2e6208ed48d5a4e83811be282bbe32c7
creature_rubberduck_01/alien_05.ogg	25080	.ogg	7f6414bd745b244af6f24f7bd2d58b0d7cd1c670ea389e122a750bc588ce7134
creature_rubberduck_01/alien_06.ogg	25462	.ogg	795a25119b46ec1b0ce8e059cb75ac48386fb6db581deb9d0bfd06dc27e6e6c9
creature_rubberduck_01/barking_01.ogg	17341	.ogg	f9b32cc139f0b8e7ae1f3b2409c08f374faa3d3a0935beb85b13e822d84bbb3d
creature_rubberduck_01/barking_02.ogg	16651	.ogg	d0222abeebea1616996b58af320c5b08d48fd68e13d9ba85104fd64d9f8e22ba
creature_rubberduck_01/breath.ogg	28273	.ogg	d6ecfd092c261059701fe81581957ce6e67c1737978449bbd98ec6d4f30abb7f
creature_rubberduck_01/bug_01.ogg	26999	.ogg	a7afae8bd3b448184e92bbb6162702e86322e5df58045715176c450ba4bbea3a
creature_rubberduck_01/bug_02.ogg	29638	.ogg	7993707dcb082c4f9f297bec44f8aa276988d848f4cf10ea6046c1c45daee518
creature_rubberduck_01/bug_03.ogg	22423	.ogg	947dad474b93a2786455b1772184f79f4881cf8bf212353638a42f662c808b7b
creature_rubberduck_01/bug_04.ogg	20036	.ogg	478418f0d70667109145ca10d82e918c5eeb95c594be40186681179a883d64be
creature_rubberduck_01/burble_01.ogg	48655	.ogg	f4c27a1839ef9e82d29e1bb175c0ebf73c65b6839b2914108d0c219fc1f42445
creature_rubberduck_01/burble_02.ogg	43100	.ogg	7cc51b6cf28a5d0ac13f34e54cb18ebb8d2b66aa144281d321d0af826f56a85b
creature_rubberduck_01/burp_01.ogg	25902	.ogg	cbd6aa84cc088209e42014c563cda13ebcdd051df4e83768a9ae48554a32a163
creature_rubberduck_01/burp_02.ogg	36360	.ogg	6742601fee1432cee9ab78ec2f07ed5686c9584759887239dfed6cda028ea4e5
creature_rubberduck_01/cough_01.ogg	21788	.ogg	ab4335a796373e46114e56ea9b8f2d5e3592d7f6e76c22c8b29b3aa985e8831c
creature_rubberduck_01/cough_02.ogg	17739	.ogg	df56e706c69183587dbf6750bf4d5df528051456cd4a838bb1171d5dbb29fcc9
creature_rubberduck_01/cough_03.ogg	36293	.ogg	1c307cd83cbda1f6860ed496e41ac27f105be801f168a22e6e359d3f9e563bb5
creature_rubberduck_01/cute_01.ogg	19125	.ogg	de478d6aaa052a06ff88351c684a5cd5fbef013248985fbb5ff0cdcddd9904ad
creature_rubberduck_01/cute_02.ogg	21644	.ogg	9b3303940f1c789b9f24e87f6f70076224d9f1398caacc7df4c0e7c4a9e60888
creature_rubberduck_01/cute_03.ogg	27354	.ogg	de5b8609ffcdb6f22865c8dc696dc01bdbc54e78ca54af45cb22116a0641b6c2
creature_rubberduck_01/cute_04.ogg	23303	.ogg	e9b717dffd587107f78d82e475da83513bd65dbaac2023a2f3691c34097fcc48
creature_rubberduck_01/cute_05.ogg	22176	.ogg	41d1b63ad4f006c09dbc65a686c022633825b01aa20e400b6dce0c6a22970c7c
creature_rubberduck_01/cute_06.ogg	20336	.ogg	51810bea0b961af26d3fd81b4bcc9248636e2a8e8ea9e2bc6a3d83b39eacdf71
creature_rubberduck_01/cute_07.ogg	15466	.ogg	b72456b5ee7f39154f7aea86ada23f281a24fe3a4d4d91704a7b7f5464b77a27
creature_rubberduck_01/cute_08.ogg	18709	.ogg	1776b641f37d0de4d51cf067c4a4b2c170ae582fc75a83c7abd42f13acdb1ce3
creature_rubberduck_01/cute_09.ogg	26244	.ogg	2432bc342b5688c390df41fbeb87be6af7fb686d67400d3310dfd1e2922bdbda
creature_rubberduck_01/cute_10.ogg	21713	.ogg	85a53fc0b5cf400749d6bdf664f2c4e35d7b5c8621fb139640d6a723d5a76924
creature_rubberduck_01/eat_01.ogg	32639	.ogg	f17305072d3d0ca5556f72db8701866329d33561ca5df086e501f2a52e2022df
creature_rubberduck_01/eat_02.ogg	21480	.ogg	60226fe5e4bf5ced6457f43ef89114a91d8790634a9aebb3c5754768fe04d6ee
creature_rubberduck_01/eat_03.ogg	12484	.ogg	3e7425cdf2cba7fe9c42e8306dc303a2c4f9a4f02358ee19329b734bf06591dd
creature_rubberduck_01/eat_04.ogg	24596	.ogg	1408d3cac16d7e8c99ce8702a76aa3c3fe18284d5326e88fc9b2c25331926ab8
creature_rubberduck_01/grunt_01.ogg	24912	.ogg	73ee84f2bb3e1b371a72dd66a09f150c98c9000bcb735c3bdd7f607e59385206
creature_rubberduck_01/grunt_02.ogg	23322	.ogg	76d78154f2f22b3f373bd3ec4ff0edabb459322f72adabfa285b738f37987cbb
creature_rubberduck_01/grunt_03.ogg	26099	.ogg	f2a23b32fcf9cbdabf059339d346ce7eead018fda778067827e71b96936989f1
creature_rubberduck_01/grunt_04.ogg	25479	.ogg	4fbc2b361ce055a3b94d43489108582313dd999e5761d4e69d59c9c7abcec295
creature_rubberduck_01/grunt_05.ogg	24809	.ogg	164059a171a8a7d8f1a2fcfdb195a9d50da3ab67bed0b52f4c2c3409fe5df049
creature_rubberduck_01/howl.ogg	25641	.ogg	e63e29a219dfbe64724525600f36db7aab6017145650ffbc92763f87181c7825
creature_rubberduck_01/hurt_01.ogg	24174	.ogg	619f9f2b4bc6cb013b4a62d0ef515a11e4be3a73c9d78c7c12ec5669b166d2cd
creature_rubberduck_01/hurt_02.ogg	21608	.ogg	b90ca3a0f5f48e1141ec6326f08ebf9f597efb6b2ca4ceeccc285b203c1ccbe1
creature_rubberduck_01/hurt_03.ogg	24204	.ogg	53e0ff510ef43f583befea63af23af1d82ddb993b981f7c3c0e7eb5f0f9d21ab
creature_rubberduck_01/hurt_04.ogg	14308	.ogg	65a6524d46bbf2acccb09b551fe7e3616dbd19f62266b5ea7e6313df29031df1
creature_rubberduck_01/hurt_05.ogg	19383	.ogg	4dc63fc62e8604a87baa1f5a74b75d848ccb68ce6e0e34d603dd3cbefc8519ed
creature_rubberduck_01/misc_01.ogg	31780	.ogg	95d9a327bfa843416fe2f315a139d380c3558493fa8030b35a56d2b0ad612602
creature_rubberduck_01/misc_02.ogg	20457	.ogg	bd424eeee4112dd7221eef93ec83fe632c4c5990e8e3a39bb68441354e4e7764
creature_rubberduck_01/misc_03.ogg	15025	.ogg	b0b861b01fe160205ed14ebcc6d258fe416bfaede45a2fb2320d242cb09c3f70
creature_rubberduck_01/misc_04.ogg	21866	.ogg	9aac0a8a8e887b0d1ea7d18875037fb4a9742d3c00ce5445b1b43cd32b8884cc
creature_rubberduck_01/misc_05.ogg	23752	.ogg	13c5b520cb42a33157553ebad237a41c196e6cbe442758089937514bbe9f0d0d
creature_rubberduck_01/misc_06.ogg	25696	.ogg	d98d583a470ec46818e83b4da5a12a552679e09d551990b7699fcbd91d755a02
creature_rubberduck_01/misc_07.ogg	23984	.ogg	9f7f55d1fa7bea62261fd63d02e0eb4bf4b584a7a4147dee569049fa2a1b3f98
creature_rubberduck_01/misc_08.ogg	25174	.ogg	1d9b267f80f51d90b996ea38caf423451e6add588c78844791080601a7833236
creature_rubberduck_01/misc_09.ogg	20481	.ogg	4a4c30321fd1132100da595c01769c4750410fcd4dee1e42e75a34a8484c35e9
creature_rubberduck_01/monster_01.ogg	50215	.ogg	e8bb5c9d3d25172666c60ed302d354144b67e66170bdf039ec88f4b6b0cd879f
creature_rubberduck_01/monster_02.ogg	29602	.ogg	2f590aec7086b2327a141ec71d5e8b8e83524a30e6b9baf3be2784f4adb153b3
creature_rubberduck_01/monster_03.ogg	17484	.ogg	1208729886f3f66e7d8018e8880dff073275fd37b30e1016dd5b164161482df1
creature_rubberduck_01/monster_04.ogg	24985	.ogg	04b556b93bf3f99255ac362ebe7f905f750a8bcbb653f78ef7191adb91e71f49
creature_rubberduck_01/monster_05.ogg	24208	.ogg	e7e67dd4b5ae627dbdefcb25ee1a0fab2a5f6d0c9879eae87974a422fd83e583
creature_rubberduck_01/monster_06.ogg	31838	.ogg	6b8df01eb7821fb0fcf66b4683a8eb997ca728fded26b6937734b84ff05852f9
creature_rubberduck_01/monster_07.ogg	21987	.ogg	5f7d40c4899f2e2e146fe8a0207597d4daf4d304a644ad2e8629057bc49a87e9
creature_rubberduck_01/nose.ogg	17972	.ogg	c54f2937d705bda30a9618531d62752356ba9e1cae258687131e1582b36e53ce
creature_rubberduck_01/ooh.ogg	16551	.ogg	6e2323960b6eaa931a75e4f75e3f13926cf3b67d4c21767cae88f2b2f7c83613
creature_rubberduck_01/roar_01.ogg	15863	.ogg	e9d44326860a1c3aba917684faccfd967a4fefa284d7df773e05ae890ec242e0
creature_rubberduck_01/roar_02.ogg	28522	.ogg	ceb532ee0fe775d6f86a821099b75f1790ab8022b963cb837c8c1fa4fffee5c2
creature_rubberduck_01/roar_03.ogg	24977	.ogg	983396c808eb658ed3bd223ffaf9ea7f756dba7bc45ecc3fde117083026a4556
creature_rubberduck_01/scream_01.ogg	38406	.ogg	54da7bba4c4272b0b77dc3fe26a91d0a26d9280797fecb8197d716b47745eb85
creature_rubberduck_01/scream_02.ogg	37049	.ogg	73aedfbcc7e5b3004507d5a79e95ae53954026036bf8d6f65aa0a4ca298dd372
creature_rubberduck_01/snore.ogg	24740	.ogg	9edd6540801b7a044c30d89bab70dab20647b2f7a6db3ddb269c6203de8b4fb3
creature_rubberduck_01/spit_01.ogg	28176	.ogg	11185484afda924711008f5e565d0baa5ebb271457c028b7e19b9ed487f8c6bd
creature_rubberduck_01/spit_02.ogg	35872	.ogg	aa65f01311e914d2861f1992a4e59f431c03edcf020e09961e422728562a2657
creature_rubberduck_01/spit_03.ogg	18610	.ogg	dcc68b992278e58fc51776b23b4cf04a28f7d660c58fd5514b35cb3f0936277c
creature_rubberduck_01/troll_01.ogg	25943	.ogg	d61a6ea6ab0263406de93002ee7378abac7b33486eafc04a91eeb625938e0df1
creature_rubberduck_01/troll_02.ogg	33825	.ogg	d63ae3a57294b8370eb6370cc4c75f544f4a8571d893ea3a48a4564d82e078cb
creature_rubberduck_01/troll_03.ogg	20952	.ogg	993b97ae0ca7755b6254f02242e6da4fe9895fc06ab2e092771927caab689660
creature_rubberduck_01/weird_01.ogg	20568	.ogg	f4a67e07911836cb90479e01c5a32e31627038e3227ecec7c6e029b3aa2d81ad
creature_rubberduck_01/weird_02.ogg	16721	.ogg	1d1bc049e70edaeaa31c2d87a65a05daf3f47ac317908368c245814cb649934e
creature_rubberduck_01/weird_03.ogg	15579	.ogg	6db7b94df0f11eec671971f0f1ee6815400e29f99cfc42f64480f445d23e9436
creature_rubberduck_01/weird_04.ogg	11164	.ogg	b8365f01b7905da42997959241a6c74aa319e08ed5d210a8008b34c6985f6a0a
creature_rubberduck_01/weird_05.ogg	19512	.ogg	475f387457f9fc336c60097418dac8b1a4d4ac7c89b0eabad50086238f248e58
creature_rubberduck_02/alien_07.ogg	22076	.ogg	da62275c7b3b8fe3fbf8feb318cd030b045a0e598b792a996734d2cedcc1f323
creature_rubberduck_02/alien_08.ogg	39320	.ogg	33306a0c54a2ae952570ed4e98aab782bcc703d4beb9325fab13bfbc5d93ef0e
creature_rubberduck_02/alien_09.ogg	30885	.ogg	30a09006a368830786797496cfb293c0d0645c4e2cbea9086cb199dfe04efb11
creature_rubberduck_02/alien_10.ogg	28612	.ogg	8561e89e142caa5517dbb81b2159d2c1a54215677d99f06e530bff803f788e3c
creature_rubberduck_02/alien_11.ogg	18229	.ogg	c2b471a9f05c2026c045043f15fdfd715c111e7dbc05022146eb62924c1c5fab
creature_rubberduck_02/alien_12.ogg	27295	.ogg	c3f42742fdb2d6bf5ad38c1c00d593d1cfbb9de61f21e3a573970e2f82fa003e
creature_rubberduck_02/attack_01.ogg	12126	.ogg	14ec0f8ab007d4641f4f2e214ea170182690005f40409a4e8bdd1ae1b58abd30
creature_rubberduck_02/attack_02.ogg	41908	.ogg	a309384ee58556a16f0ca7990ae1521dfd4cd71fdaad2fc64e28258ad278a493
creature_rubberduck_02/attack_03.ogg	27446	.ogg	53ef2f7e7c6660b35bc5cdec20fedcaac614c796abdce05c0c2599ad54af88fa
creature_rubberduck_02/attack_04.ogg	41365	.ogg	53cfbfbb96d9159fc1e0342e43fafc1a018c20e28c95855db9f240715541899b
creature_rubberduck_02/attack_05.ogg	9265	.ogg	f363f8c4e3c62b0fb5c19a476a264e9073cf773cd901eb83cc246e67f2baa49f
creature_rubberduck_02/breath_02.ogg	15575	.ogg	5b32729394cc36667bb8052508115941f21d85804f84ecda4c492d19883cd15e
creature_rubberduck_02/bug_05.ogg	17856	.ogg	55a1041d266868178d8a5b6cd1b9ab3d48a83e3ecb4f60999e171b35044b6e91
creature_rubberduck_02/bug_06.ogg	14213	.ogg	654f7243d8cf8dbdb84cef09fc7f3d59027e494e069c9879bc0836831ed98b7a
creature_rubberduck_02/bug_07.ogg	24525	.ogg	dcb0436bab13fe59fb05e7a734ec31ab47d1a442b74e346ebf19ad90d6a33ef8
creature_rubberduck_02/bug_08.ogg	17943	.ogg	7a84cfb370842e5533eefba63a307e7163dc016d47b6869c5b8e2b3b3efe37d7
creature_rubberduck_02/bug_09.ogg	16891	.ogg	f49a37764643bd7bc2f1be6ebf416abaf315ad4d55719a4c860a3405c84971e9
creature_rubberduck_02/bug_10.ogg	23152	.ogg	21b3e3f0959e172d2f68497c7bff3c0cb72f25ba33c99363d9b424a8c0a1e16e
creature_rubberduck_02/bug_11.ogg	14582	.ogg	03060398b3cae661072498c7702fecb41b3efeae783d6ef5470fc7ccde1b762c
creature_rubberduck_02/bug_12.ogg	19792	.ogg	c9adb1dd8d47dfc8bf163f0128e68fdb1e0b974549aec4de8320984a2e9ceab1
creature_rubberduck_02/bug_13.ogg	15776	.ogg	c51fbee0a7767083b0eefcf62ccac81e9b07c133bb8cf5fb67ecc36db876e787
creature_rubberduck_02/die_01.ogg	20095	.ogg	d592dfbbe36a5e3e4b7dcaaa13498e50c59319d6df443c309858affb69336523
creature_rubberduck_02/die_02.ogg	32557	.ogg	03e0fefd50fe350d0ca16c6ebf121c005290aa26a04a8e8573925bf33d4501d3
creature_rubberduck_02/die_03.ogg	21582	.ogg	59f9188919b50d40da3c9dd94e00c2d1c0db915ecc5b2eddfbf574743651c836
creature_rubberduck_02/die_04.ogg	45133	.ogg	aad7ac7b49b3dc2c4d929ddc6a5c184c7c188d1a5224b4d88e4f7371c9075f79
creature_rubberduck_02/grunt_06.ogg	19409	.ogg	406b88a519f2b067f99dedbce1b3dc2f472c7f5a50f8443e8dddbcf5e0edaf53
creature_rubberduck_02/grunt_07.ogg	22783	.ogg	3cfc82e16c9a40d8a82505877746836110735cae60f6abe98c77e325764e92af
creature_rubberduck_02/grunt_08.ogg	18039	.ogg	2bcb2c8fad6bec49d289a2b8455c2c56d58c63d43628abf24bd11e21012a74a6
creature_rubberduck_02/grunt_09.ogg	13949	.ogg	b138762382a073bc661baca09c167bc4b774adfaff32bddffb843e22a66dc1cb
creature_rubberduck_02/human_01.ogg	25825	.ogg	9c4e9cf68b2d5804b0becb649fe3af0cc83b274846f0da8be60be21373d2580e
creature_rubberduck_02/human_02.ogg	29558	.ogg	c629a2732a47ff09c60d65557b0e095b7bb8e1a481f3cdfe56547e283091aa03
creature_rubberduck_02/human_03.ogg	29198	.ogg	a0d24f9031b57b2e48a8ff73050a7ba686b1311e5f91a6fe27c9b86b40d03b50
creature_rubberduck_02/human_04.ogg	32303	.ogg	f18436f7cfdf150ae2edcf1c6adc4610475b6372229d946a4a18dabf12581ead
creature_rubberduck_02/human_05.ogg	25171	.ogg	8f4382eccaa0d95ad5dca28717fc8fed6ac38b2ce03852c40ea6fe7cfb2b30a3
creature_rubberduck_02/human_06.ogg	27869	.ogg	ac41237ed59161771bd660c489959c021eaa3bb9ffeebb1b5e039377127b5827
creature_rubberduck_02/human_07.ogg	27384	.ogg	6abe4757667a46f2b4aab03574213108f23d5d433b62c9c833a20c220a1b4d63
creature_rubberduck_02/human_08.ogg	32346	.ogg	ae8cd183ecf2d62a234042a5a44ab821ffb6e9ab328a09f879da05fa383f16ea
creature_rubberduck_02/misc_10.ogg	20665	.ogg	9b3eea2b1f4f25684a7eee927da793e06aea04596e02ca82a7ebed88f1fed244
creature_rubberduck_02/misc_11.ogg	28788	.ogg	6baad42b73d4260a7f5fe3764c92e963c9cda87d5e4756dba9916667faf1ddd5
creature_rubberduck_02/misc_12.ogg	18209	.ogg	ed5de5a1a5e624d4b29865bc943dce866ed429e115906032636db3c3c2abfb40
creature_rubberduck_02/misc_13.ogg	30756	.ogg	b49b053426efa023416f636b6b93c0782c868844533f736f76009b7b7a2a6292
creature_rubberduck_02/misc_14.ogg	26304	.ogg	f133fe74ae46c348efe2a26fcb5ab660cf4f9bd8139bdde3566219a67de66894
creature_rubberduck_02/misc_15.ogg	16864	.ogg	c49aa1281131c3cfa8a2b3fae7438167e8467927af41e1272b7cb419b9e69662
creature_rubberduck_02/misc_16.ogg	36802	.ogg	ea0cfeec091ed488b00ba35923772b035f3bd6bac97963907d98e3133cf83eed
creature_rubberduck_02/misc_17.ogg	23728	.ogg	805f19ca1922291544d62b78c49dba4727dea5f114f0cd39e4e9663a7672a1ef
creature_rubberduck_02/misc_18.ogg	26265	.ogg	5eb1d358f55838dd333f63c7862b56eee59070b87f6080db16225496bef8c282
creature_rubberduck_02/misc_19.ogg	18600	.ogg	82f28d944bab5060c73f09254837aa5b60090b48edcdf9eb25a13f2e989ea5b5
creature_rubberduck_02/misc_20.ogg	14177	.ogg	dab60f41b73913822e738c2cfeb13c218aa498b0d832efed6de0196335a913aa
creature_rubberduck_02/misc_21.ogg	18127	.ogg	b1ef44ac56da9dd6d9b999801d94bd38accb7d449ca6721537c4bb54c4fa30a4
creature_rubberduck_02/misc_22.ogg	18114	.ogg	d8f6dc296dee9cd09faeb49b92a25bb640fa2170b6b59a2cbe3c62766a644653
creature_rubberduck_02/monster_08.ogg	17727	.ogg	09e28e7c4d0f341d04a0d8019ee782ab31685358c09ab9ca4116c0f627f04fb9
creature_rubberduck_02/monster_09.ogg	18666	.ogg	00f77e58a6c6fcf810a94fbb1e6a6b74c26feb4b4499cfe7c9d17529d28f9f72
creature_rubberduck_02/monster_10.ogg	25783	.ogg	0f7293afd256e035a42255e3a7901df68ca6a4245194179d4091c26cc402f994
creature_rubberduck_02/monster_11.ogg	15987	.ogg	41980e8a65fc1079a812feca83bf0178941c9d9e644936603cba796eb2d1ac65
creature_rubberduck_02/monster_12.ogg	18715	.ogg	ed46c28e65ae5022b47c3b50e60bfaf2d448efce3e54bfa705e723dc247b3f86
creature_rubberduck_02/monster_13.ogg	24203	.ogg	167e0f4e48be04dae9bd0a62747f568725c62fd6c996ae733f5af34aae539d34
creature_rubberduck_02/monster_14.ogg	25847	.ogg	8fde9bd810e019b0965b922bc2de13d1ce50bcb2400d6e7727d169947ac17c4a
creature_rubberduck_02/monster_15.ogg	16450	.ogg	e76544535cfa7975f2a7fda9a0e53f536f1b4f0900544226ddfb10ad74d27541
creature_rubberduck_02/monster_16.ogg	34602	.ogg	2b82693bd2a982ae92c96d71b1c31fae03388a4f0981edecb043e608163418ca
creature_rubberduck_02/monster_17.ogg	48541	.ogg	8e6acb27540315e6479f3a57e5e6cec580eec8f1e1e639519b65b6e51445032e
creature_rubberduck_02/monster_18.ogg	38189	.ogg	1af801343c1cae3c0d29e476919c0be39229d5151acebcb7d9cbf3671f96ee25
creature_rubberduck_02/monster_19.ogg	52385	.ogg	97305b59150e8690b7c61a1b2ce57d93ce9f4b9db8090cd3fb1139d5fd9c2e22
creature_rubberduck_02/monster_20.ogg	43523	.ogg	4533ca9b6b1458ebfb23bbcc34af8bd4df414b76325421c7235cd958dc65773c
creature_rubberduck_02/roar_04.ogg	30871	.ogg	4bd8be77b058410e1af9a3a5aa5c62b8ec9ac214672be4ab84180e156e8c0a20
creature_rubberduck_02/roar_05.ogg	53819	.ogg	26614607c1683d8bbb82993f285a0d11b6e5ca1ebd5176e6ea552c3e833479f1
creature_rubberduck_02/roar_06.ogg	25550	.ogg	87c2c2658788e287c3f05f81605c7f343b56fc8197fe251bca0811c7520eeb7c
creature_rubberduck_02/slime_01.ogg	36106	.ogg	befffbec35eddea7bddb13e5b34ebd3cab5b55ae0bd25529c80891273dda4993
creature_rubberduck_02/slime_02.ogg	33185	.ogg	7879b8931d025c991999d075b020349b6a0ab2a441518b08294c542cf20fa71f
creature_rubberduck_02/slime_03.ogg	20336	.ogg	f0df770b549402ef788c168cfd84846dfb6a2e0fb4a722f646dd28d56a30fdbf
creature_rubberduck_02/slime_04.ogg	28226	.ogg	2297601433546a946faadbdada9db4c19fb80dfcf8c0e3cd14e2481e463965b4
creature_rubberduck_02/slime_05.ogg	27827	.ogg	829992d1bd763d797cbcccec50b5904f1bdf0637ac475a51841df46456f24722
creature_rubberduck_02/slime_06.ogg	24371	.ogg	e64e1bd561b1b1251d6627520eeed0e7f3c8c45f358f6e49c84ce05125598da7
creature_rubberduck_02/slime_07.ogg	16126	.ogg	687cd1feb815f9e214b20f16000ec5fd52174b03ec0b4da18d1abb20c2c4cbe2
creature_rubberduck_02/slime_08.ogg	20733	.ogg	8f675b9dba1b065b78731fe5d809dd3dfc1e443050afeb070d068eb9f1e4f32f
creature_rubberduck_02/snore_02.ogg	41849	.ogg	e698d3da0896172ec75034ec9886e40f9ed9519780119e31e4031b8fc9948c29
creature_rubberduck_02/stomp_01.ogg	20185	.ogg	3524b2f6d6927480942a03f2db54da0b517f0a1dff00eebcc5e1bca8e81bb428
creature_rubberduck_02/weird_06.ogg	26192	.ogg	e8a38b78b88816910499dd6a2c254acd4586918e5ed8d4bf3a81d7b222540ff1
creature_rubberduck_02/weird_07.ogg	17589	.ogg	2139e36a187ac72a09ca2808820b68bdb26d2019adf76a9a96dcd75eefeba328
creature_rubberduck_02/weird_08.ogg	17863	.ogg	23491122a5d5106a44857d1a88cd6afc2c71b6f06cd7e00e0a4604d5529da431
creature_rubberduck_02/weird_09.ogg	16297	.ogg	c8664381a49a548eb3b0dee89c38758f42f05f00df2b400a5a343d6ceebba156
footsteps_snow_gravel/Corsica_S-Walking_in_Snow/Corsica_S-Walking_on_snow_covered_gravel_01.flac	76096	.flac	d635d9bed8a5d69d4b95638bae51914717e69eece5982550a52c14cf23a10b00
footsteps_snow_gravel/Corsica_S-Walking_in_Snow/Corsica_S-Walking_on_snow_covered_gravel_02.flac	108901	.flac	799c07881c8a49f618401b66403938966c73b2374a19f41dfe6117e89589e7ea
footsteps_snow_gravel/Corsica_S-Walking_in_Snow/Corsica_S-Walking_on_snow_covered_gravel_03.flac	103146	.flac	74a6d589884caa34f44390a90522852d8503ba9b6a9750294f1e2de025cb32e6
footsteps_snow_gravel/Corsica_S-Walking_in_Snow/Corsica_S-Walking_on_snow_covered_gravel_04.flac	108268	.flac	8473c7f83251a263065936ab6c0a06d93a188d60af41bdd2dcc116742ddf1c54
footsteps_snow_gravel/Corsica_S-Walking_in_Snow/Corsica_S-Walking_on_snow_covered_gravel_05.flac	101893	.flac	5848213c9f5c27827b2f502d2d9e5ffdbdcacb069a56a9c92b80d4ec50b92440
footsteps_snow_gravel/Corsica_S-Walking_in_Snow/Corsica_S-Walking_on_snow_covered_gravel_06.flac	106300	.flac	8eca849ddb6a5d084cf530fd0abb4e3706f9bb626a05e7cfc40bed2a3109e64f
footsteps_snow_gravel/Corsica_S-Walking_in_Snow/Corsica_S-Walking_on_snow_covered_gravel_07.flac	110287	.flac	eece1d322315ed8eca24b5d5c19d48106d513b006f3c39a1b3bbe8f3a6b8e32b
footsteps_snow_gravel/Corsica_S-Walking_in_Snow/Corsica_S-Walking_on_snow_covered_gravel_08.flac	99592	.flac	a82edcea0c9149d9b309a710841fd2fa13410e37d73195ef487a608565bcf3cd
footsteps_snow_gravel/Corsica_S-Walking_in_Snow/Corsica_S-Walking_on_snow_covered_gravel_09.flac	98950	.flac	6b79064b83f4f3ca150ea43d9c78e9d47f82a5285fe2afa1d087c5c3d70ce9da
footsteps_snow_gravel/Corsica_S-Walking_in_Snow/Corsica_S-Walking_on_snow_covered_gravel_10.flac	106924	.flac	70c3a1c596dd565deba9659d2d37aa631929b334977775b580d8aba70a47f40f
footsteps_snow_gravel/Corsica_S-Walking_in_Snow/Corsica_S-Walking_on_snow_covered_gravel_11.flac	101823	.flac	157b045c20bdbb926e53c6c8d5459a99a0f0a2f842c488c4414b8defb2f3f5be
footsteps_snow_gravel/Corsica_S-Walking_in_Snow/Corsica_S-Walking_on_snow_covered_gravel_12.flac	89559	.flac	db1b95e25b00a25e6d6f557798c6adb4521481e2fe5e63d5d69d336e1107c5a4
footsteps_snow_gravel/Corsica_S-Walking_in_Snow/Corsica_S-Walking_on_snow_covered_gravel_13.flac	116329	.flac	c56a4c63d54add25e3eb73f347311178bc973825004394339d5efc7fd9c37e2a
footsteps_snow_gravel/Corsica_S-Walking_in_Snow/Corsica_S-Walking_on_snow_covered_gravel_14.flac	108452	.flac	c156b1b3cefff07df57086acf113824f79978720f070fb32a9edee2a46fb2af6
footsteps_snow_gravel/Corsica_S-Walking_in_Snow/Corsica_S-Walking_on_snow_covered_gravel_15.flac	95018	.flac	a06638d1b6b43aaca84df918c27ec490d60bb8faf3f773671a87f77c33d1229f
footsteps_snow_gravel/Corsica_S-Walking_in_Snow/Corsica_S-Walking_on_snow_covered_gravel_16.flac	94223	.flac	7f936cfa8b597e3e07f8cba571fd727c82e5332f7a6cc2f459c58cec1f7d6d40
footsteps_snow_gravel/Corsica_S-Walking_in_Snow/Corsica_S-Walking_on_snow_covered_gravel_17.flac	113616	.flac	09ba95c17bd87395d75d973ed7be5800a5af4c03536580453902b7a65bc22124
footsteps_snow_gravel/Corsica_S-Walking_in_Snow/Corsica_S-Walking_on_snow_covered_gravel_18.flac	72716	.flac	8d6f4a3c80034c994a7dc060e76ba8a175a6fd9ed2bed671d5c7181cb26b2bcf
footsteps_snow_gravel/Corsica_S-Walking_in_Snow/Corsica_S-Walking_on_snow_covered_gravel_and_ice_01.flac	68886	.flac	5cafa1340f3c981c6c624c15f925373d0bb9c44a2e1c806ac1d7dc31cdb8cdfe
footsteps_snow_gravel/Corsica_S-Walking_in_Snow/Corsica_S-Walking_on_snow_covered_gravel_and_ice_02.flac	92657	.flac	a801a7bd981281625d92c41ac1b88f4760bf7d287f21348208a91fb8c2726f47
footsteps_snow_gravel/Corsica_S-Walking_in_Snow/Corsica_S-Walking_on_snow_covered_gravel_and_ice_03.flac	101566	.flac	17b53cd24dc83ef457206e6dfa03d51be6197cd7b5fd33f6dbdf49fdf76ded48
footsteps_snow_gravel/Corsica_S-Walking_in_Snow/Corsica_S-Walking_on_snow_covered_gravel_and_ice_04.flac	95382	.flac	b10c0da38f85a76bf04246fac369b651dee07be4dac0ea97ffc49b040da954ff
footsteps_snow_gravel/Corsica_S-Walking_in_Snow/Corsica_S-Walking_on_snow_covered_gravel_and_ice_05.flac	98620	.flac	93632520360c42e125cab0994de4c5b0e4a9ec6bbe6f8ce3a528f00ca0d6329e
footsteps_snow_gravel/Corsica_S-Walking_in_Snow/Corsica_S-Walking_on_snow_covered_gravel_and_ice_06.flac	106301	.flac	77d64aada72f0965547ea8744ad4dd82c66abfe27f263ac32275b93a1e95619e
footsteps_snow_gravel/Corsica_S-Walking_in_Snow/Corsica_S-Walking_on_snow_covered_gravel_and_ice_07.flac	96768	.flac	373672ae4e496c3f4fcb8e01a799a84531959678bd81886d9e9f045fd4a7edc0
footsteps_snow_gravel/Corsica_S-Walking_in_Snow/Corsica_S-Walking_on_snow_covered_gravel_and_ice_08.flac	85985	.flac	e16cad153e6db877f0a04b1bd25fc6bbb38b5f3e454fab157da4387694c376a0
footsteps_snow_gravel/Corsica_S-Walking_in_Snow/Corsica_S-Walking_on_snow_covered_gravel_and_ice_09.flac	91921	.flac	7d68e74ba91b9933d29ec419b69f15f3a22986da4b525bdec48e5117805fbb7f
footsteps_snow_gravel/Corsica_S-Walking_in_Snow/Corsica_S-Walking_on_snow_covered_gravel_and_ice_10.flac	103599	.flac	ccb65d5241043253d136d0db064aa91fd67200284dcfb9f5318399d634aa0e98
footsteps_snow_gravel/Corsica_S-Walking_in_Snow/Corsica_S-Walking_on_snow_covered_gravel_and_ice_11.flac	94306	.flac	506a1b675bea894da27c4d7702ab738f4ff93585b557c6d9d42c6fb1845feea0
footsteps_snow_gravel/Corsica_S-Walking_in_Snow/Corsica_S-Walking_on_snow_covered_gravel_and_ice_12.flac	91932	.flac	1399d38fe2f2675e4a69310a10e1f6952ca73b18c21253179d4b81c72e81b37f
footsteps_snow_gravel/Corsica_S-Walking_in_Snow/Corsica_S-Walking_on_snow_covered_gravel_and_ice_13.flac	91583	.flac	10e1ba999e2b4b46db2a2c07d7e919165991d30ff4fd82e91736f0f85b11dd45
footsteps_snow_gravel/Corsica_S-Walking_in_Snow/Corsica_S-Walking_on_snow_covered_gravel_and_ice_14.flac	86308	.flac	86465e61b20d9e9d2bd765e7e96340de765f7afc7b99f650db147fe9cea1a706
footsteps_snow_gravel/Corsica_S-Walking_in_Snow/Corsica_S-Walking_on_snow_covered_gravel_and_ice_15.flac	78882	.flac	89e4614011a0b8e34effd5a69fdd6cb003bec42d8800479a889198efd02a668c
footsteps_snow_gravel/Corsica_S-Walking_in_Snow/Corsica_S-Walking_on_snow_covered_gravel_and_ice_16.flac	105561	.flac	1b338d1337eefc46490dc767d0d50a126951cb97dbe0d411a1af03173a564b9c
footsteps_snow_gravel/Corsica_S-Walking_in_Snow/Corsica_S-Walking_on_snow_covered_gravel_and_ice_17.flac	86581	.flac	e01818f40021d698190ab8aaae86ddc7bfd12f286f614b2792ce5f6cc81dcd58
footsteps_snow_gravel/Corsica_S-Walking_in_Snow/Corsica_S-Walking_on_snow_covered_gravel_and_ice_18.flac	108752	.flac	a3156f6fd3aedac17d91cab26474cf50c88dc0125d6ca24c5c70afccca7bf7d8
footsteps_snow_gravel/Corsica_S-Walking_in_Snow/Corsica_S-Walking_on_snow_covered_gravel_and_ice_19.flac	90552	.flac	d40abea337e224ebdfbe7cbe7888e91b074cbd2c520538e2a0905e58217be6ba
footsteps_snow_gravel/Corsica_S-Walking_in_Snow/Corsica_S-Walking_on_snow_covered_gravel_and_ice_20.flac	83537	.flac	ac025aa447b8fda6381bdc257d3dbbf01b73fe36e55c5d451d4af202dc0c014c
footsteps_snow_gravel/Corsica_S-Walking_in_Snow/Corsica_S-Walking_on_snow_covered_gravel_and_ice_21.flac	107015	.flac	05801190ed1a08d79d49025fadd2d3b129fff9af6567d7a1cfa0a06987c9b0c0
footsteps_snow_gravel/Corsica_S-Walking_in_Snow/Corsica_S-Walking_on_snow_covered_gravel_and_ice_22.flac	102429	.flac	18e78365d1df72c566cfa81f13100b87c3066b8130139b98523671474d442abb
footsteps_snow_gravel/Corsica_S-Walking_in_Snow/Corsica_S-Walking_on_snow_covered_gravel_and_ice_23.flac	82691	.flac	78ab0cc5b69cf1f09f5b15e8958718829f5aada7b407a610c72a7cd052b40d17
footsteps_snow_gravel/Corsica_S-Walking_in_Snow/Corsica_S-Walking_on_snow_covered_gravel_and_ice_24.flac	67601	.flac	638281d3019537cee22290dfc3fbd7f56c93787adcf6d4a4660676b45ff3b4bf
footsteps_snow_shoes/Corsica_S-Snow_Shoes/Corsica_S-Snow_Shoes-01.flac	117589	.flac	d3652336725e16fb76d0cd9792612f5b500e11b050aa91221757912c36dc0de2
footsteps_snow_shoes/Corsica_S-Snow_Shoes/Corsica_S-Snow_Shoes-02.flac	98176	.flac	0f1e936acaea05fd0d0d871372621606af8dbb8a8c7119fd315fbf6b5f6bdeca
footsteps_snow_shoes/Corsica_S-Snow_Shoes/Corsica_S-Snow_Shoes-03.flac	120581	.flac	2508e822b366136e25cabb577a857ea919633bf3bf28d7be8cf0d33744c0df41
footsteps_snow_shoes/Corsica_S-Snow_Shoes/Corsica_S-Snow_Shoes-04.flac	113692	.flac	8fda7ebc8177d5b62b04c0d03fa84cea9f2f3ed93eb3075275964b2240e7bcc5
footsteps_snow_shoes/Corsica_S-Snow_Shoes/Corsica_S-Snow_Shoes-05.flac	129876	.flac	712a38f66a752e04e2ddc6d8b386b8bf03d6fb462c3a5230b8c6cb0a68d4c165
footsteps_snow_shoes/Corsica_S-Snow_Shoes/Corsica_S-Snow_Shoes-06.flac	114923	.flac	e9a4298f9438489f3d6796da1a6c380220d5ac31f580660301c02b26de225ab8
footsteps_snow_shoes/Corsica_S-Snow_Shoes/Corsica_S-Snow_Shoes-07.flac	119742	.flac	ccabebffeaf748ceb3f56c5e774dd5cb96d8a0f7c3086581e9bf5c88f1e55c0a
footsteps_snow_shoes/Corsica_S-Snow_Shoes/Corsica_S-Snow_Shoes-08.flac	118816	.flac	ac086e6a7e44b8f11580e0284165edd71f512a613f17ff20d59ee2ba8f29f6d3
footsteps_snow_shoes/Corsica_S-Snow_Shoes/Corsica_S-Snow_Shoes-09.flac	123176	.flac	8cf5f15f6acd9a46789fb14aa61e3c934cffcdcee19828dfd0d6f2ca03201f46
footsteps_snow_shoes/Corsica_S-Snow_Shoes/Corsica_S-Snow_Shoes-10.flac	97115	.flac	b62aac7f74112fdf521f8aac355562e2d40beecc9813caec460efcfdacc720ad
footsteps_snow_shoes/Corsica_S-Snow_Shoes/Corsica_S-Snow_Shoes-11.flac	109386	.flac	9c092244bc81a68f8bc1d74de5d4c48948848ac3189ffaaff29653beead563ca
footsteps_snow_shoes/Corsica_S-Snow_Shoes/Corsica_S-Snow_Shoes-12.flac	69067	.flac	66e9ad576cbb39bee3500c4c33876ceaaf9554641407007dd09a6e2c298ebeb9
footsteps_snow_shoes/Corsica_S-Snow_Shoes/Corsica_S-Snow_Shoes-13.flac	127807	.flac	405ebdf51f64e1810db397014569d1dae48895a8734177125747e74485053667
footsteps_snow_shoes/Corsica_S-Snow_Shoes/Corsica_S-Snow_Shoes-14.flac	118225	.flac	6b45045c4f02a332535d5d67b708005ecd75d6a5e30bce204cf10e3bd7499cb2
footsteps_snow_shoes/Corsica_S-Snow_Shoes/Corsica_S-Snow_Shoes-15.flac	128100	.flac	8f5c9fbc1a9a40d9e3b50666e21613473cd0c7e0df6ba08304e4ed1bfd3f790b
footsteps_snow_shoes/Corsica_S-Snow_Shoes/Corsica_S-Snow_Shoes-16.flac	128270	.flac	61df144dd5aefdef520525da190a6599efc0c6d02400108bc219c355e772348c
footsteps_snow_shoes/Corsica_S-Snow_Shoes/Corsica_S-Snow_Shoes-17.flac	133471	.flac	1be5657b4d45f1605f2968fed1479c6fcdaa4a7e9c76286da556a90a61c4c571
footsteps_snow_shoes/Corsica_S-Snow_Shoes/Corsica_S-Snow_Shoes-18.flac	98769	.flac	b1c3be57f0addd6cb1b564542f5a7bb6fa2e44de28bdbddec97728626a51212f
footsteps_snow_shoes/Corsica_S-Snow_Shoes/Corsica_S-Snow_Shoes-19.flac	110550	.flac	18acc1e872891bff65e44c9c96a74897b413d7c82b6d45b327319656b943a487
footsteps_snow_shoes/Corsica_S-Snow_Shoes/Corsica_S-Snow_Shoes-20.flac	106243	.flac	3f65decc9bcd61de0901e79959f5009fe23b7a028cbf805de1a8686f2699ed7a
footsteps_snow_shoes/Corsica_S-Snow_Shoes/Corsica_S-Snow_Shoes-21.flac	136419	.flac	255b430fe99a048db3b0f764461ae7c944e166d95c116969142f5d0e7fe5f34a
footsteps_snow_shoes/Corsica_S-Snow_Shoes/Corsica_S-Snow_Shoes-22.flac	108880	.flac	8e715723cd6c972b068a1d8012441cdbeb1813578841b6affd697d5e268a51f5
footsteps_snow_shoes/Corsica_S-Snow_Shoes/Corsica_S-Snow_Shoes-23.flac	117332	.flac	9102420abf2f7a82e919f5952382013b075f67d66fd7a6b7bef7f4260331bb6c
footsteps_snow_shoes/Corsica_S-Snow_Shoes/Corsica_S-Snow_Shoes-24.flac	105302	.flac	7863700be11fee0aa8893fb96d16df074a3538525a0ed9ef13f3bfdf0693d027
footsteps_snow_shoes/Corsica_S-Snow_Shoes/Corsica_S-Snow_Shoes-25.flac	127676	.flac	dc4ac7ba980f21667445a7548f3d621f4ba7d73f892cedbddc254e994d22f199
footsteps_snow_shoes/Corsica_S-Snow_Shoes/Corsica_S-Snow_Shoes-26.flac	118044	.flac	f442800e23fa75bbe898642ab177a6ef22dbc92ebed0e3caa22e6301e4ac10c1
footsteps_snow_shoes/Corsica_S-Snow_Shoes/Corsica_S-Snow_Shoes-27.flac	130166	.flac	76785958922f581840e56f65dc71811e44cd310e280695fa2b488dbe691a4666
footsteps_snow_shoes/Corsica_S-Snow_Shoes/Corsica_S-Snow_Shoes-28.flac	109771	.flac	847b46be5e45671b06c52aead84ecdc428c7e98e7369aeeca8d0cc7bd939a4c0
footsteps_snow_shoes/Corsica_S-Snow_Shoes/Corsica_S-Snow_Shoes-29.flac	127594	.flac	ade5e36c01368041f181ee457d6047dadf39a056dcbaa6a354c310ad9457d1ce
footsteps_snow_shoes/Corsica_S-Snow_Shoes/Corsica_S-Snow_Shoes-30.flac	103842	.flac	7e3d356ee3f48c2305a1ef7a523aace4df6ed96b38baae32945eb00b0d83b3ae
footsteps_snow_shoes/Corsica_S-Snow_Shoes/Corsica_S-Snow_Shoes-31.flac	120835	.flac	1f367591aa063157bad1b79cd212a51eb487929a2ea241d4a5965121db616ef7
footsteps_snow_shoes/Corsica_S-Snow_Shoes/Corsica_S-Snow_Shoes-32.flac	129686	.flac	944fc4eb7ae8ca39b5732cb4b9eb764fed645eb6b2459fa0f6ea189cda9ba8d4
footsteps_snow_shoes/Corsica_S-Snow_Shoes/Corsica_S-Snow_Shoes-33.flac	118619	.flac	ceca2cc2ecc5d8bb0ce13ec816d62eec46a5afe2a2fd5c08c12ee41f329ecf47
footsteps_snow_shoes/Corsica_S-Snow_Shoes/Corsica_S-Snow_Shoes-34.flac	80922	.flac	56806bdf1d1a56f15b2d349e560c7bd3820b19aa7fc4b3761f464e4c035be592
footsteps_snow_shoes/Corsica_S-Snow_Shoes/Corsica_S-Snow_Shoes-35.flac	118123	.flac	577fc0d92b0c748ba262698b4a322c46d656a14fcc9d8e20b75ac05ba53e1071
footsteps_snow_shoes/Corsica_S-Snow_Shoes/Corsica_S-Snow_Shoes-36.flac	86630	.flac	94dc16e4474858eefbed51cdb8d3f3b72ff6ceeb70d1d0639763b1cd4ff9aba4
footsteps_snow_shoes/Corsica_S-Snow_Shoes/Corsica_S-Snow_Shoes-37.flac	131646	.flac	32c767df2f57e83d225a4e018fa55a73885de4802465ae9bfb2831f2c8831ccd
footsteps_snow_shoes/Corsica_S-Snow_Shoes/Corsica_S-Snow_Shoes-38.flac	119602	.flac	f1a8440b0a71f65d080337aedd7bb45b47c42ade127245b2e1bc34f7b14ee5a8
footsteps_snow_shoes/Corsica_S-Snow_Shoes/Corsica_S-Snow_Shoes-39.flac	110600	.flac	f44b26f62511aeec57cfc1d7cf40da519dcb4a5436518948955ccd5cb77cd338
footsteps_snow_shoes/Corsica_S-Snow_Shoes/Corsica_S-Snow_Shoes-40.flac	99510	.flac	ab42c4694a9827838cdcbfd5b13e33e27967d2c0b3b080fddc4d962e5f685cf0
footsteps_snow_shoes/Corsica_S-Snow_Shoes/Corsica_S-Snow_Shoes-41.flac	120536	.flac	1e3c5d74ac66701dd7838cc2643830c31e3cb6d8223baa058db2d161e1fb1b76
general_sfx_rubberduck_01/bell_01.ogg	38999	.ogg	b29cf8f3885eb2a266a16455227288dd3e004ea0414d2823b1a8677915f862d1
general_sfx_rubberduck_01/bell_02.ogg	18962	.ogg	ea47ae29d3fe87c82414881084cf5dfa4a0a43c6def7437fcafbc21ffbf3ec72
general_sfx_rubberduck_01/bell_03.ogg	47656	.ogg	9440896c5ffbc85d045b88953057d12019ddbf052f3694615216d83161a9e2d9
general_sfx_rubberduck_01/dishes_01.ogg	35324	.ogg	9c37a0fd53d0e0c6349df181973a4c7deab40fc37c27e291dfc54830faa1e42c
general_sfx_rubberduck_01/dishes_02.ogg	28322	.ogg	e78a817166e589e437b4a0e43d1fe382f290e1dafe8893921192bb8423f58346
general_sfx_rubberduck_01/dishes_03.ogg	33915	.ogg	f81cb8ecac99890d166f5700d4bd447539c9988f96c481f4dd1cd651f55017e9
general_sfx_rubberduck_01/dishes_04.ogg	27675	.ogg	d8513896043521f0cecdc624028de7bb56205390cd2e003a2814b01f4dea53fe
general_sfx_rubberduck_01/door_01.ogg	110059	.ogg	a1a7fd61ccd03dd58151f5429d6447ad80c2f31c3e357c4756609a0c6c945391
general_sfx_rubberduck_01/door_02.ogg	93578	.ogg	89c12f714e596cd14498896f3afc02f14dea5707ded94472d98b4e71a041b9d3
general_sfx_rubberduck_01/door_close_01.ogg	24225	.ogg	9c779ae637542e5b9cdfdd62a93e611e116e60205ef68b5b244aaf69fbfaeba8
general_sfx_rubberduck_01/door_close_02.ogg	38319	.ogg	3f4ce43f7a676d8907258908c90e88caecffd4526fce43e40df6726bf67ed91b
general_sfx_rubberduck_01/door_close_03.ogg	20918	.ogg	36f3e2337d7e606c431049f12704f42b9f2582a5b9149b7f682fcd2ee42fe4b4
general_sfx_rubberduck_01/door_close_04.ogg	24912	.ogg	db9247416558f6758aef358342ae5f96eb2be6ad3b9e39a230e7c46174ed733a
general_sfx_rubberduck_01/door_open.ogg	18227	.ogg	62b42cdf0d8b25ef80c0f3bc815aa65977b78b20225481461ea134798172f59d
general_sfx_rubberduck_01/explosion.ogg	25549	.ogg	f31e12359b96b5e4d43edbcd533630b32421e55bc0b08aec4520d2ed45cd1a93
general_sfx_rubberduck_01/glass_01.ogg	18701	.ogg	1a767c588055d9db08b548fbe32e0fb5ef9d998318fda269973e31f2d459c431
general_sfx_rubberduck_01/glass_02.ogg	17502	.ogg	f93e91479793e618fabd6a1607e3ce6a382a0ccdba09d82cd5e209980feed4d5
general_sfx_rubberduck_01/glass_03.ogg	20324	.ogg	b35c3ac4cc7d665bed2a37f54fce4528c7a048daf46c1e4db0a371092bf333e8
general_sfx_rubberduck_01/glass_04.ogg	37277	.ogg	4bd640a2bd50919f78076b4f204a63dabf76915e74e9e6e8457444a40fee737f
general_sfx_rubberduck_01/glass_05.ogg	39108	.ogg	6eebcedf7d0a084e9c40c3420591acef9c75a678cd03266e2c51e94707c694d9
general_sfx_rubberduck_01/gong_01.ogg	55320	.ogg	4780a38e91688b59899b3679cf3534b4b75654b45a177af9d9fb681c447f7f9a
general_sfx_rubberduck_01/gong_02.ogg	46301	.ogg	eb53bd74d92ed2422568ed5770615b177b0a4d281f55959e6aa263d756412524
general_sfx_rubberduck_01/hit_01.ogg	14762	.ogg	fee785537678a33d150310e8ae75eeaa439b0e1e9aa55aef19651d12013a067f
general_sfx_rubberduck_01/hit_02.ogg	17176	.ogg	22f2bfcfb8e211ea19b0af0adc1ae7df7bce137a7a159303840f9b95992d5d61
general_sfx_rubberduck_01/hit_03.ogg	20643	.ogg	c8948294e7885ada74bcab6efb6c60613b74241cc58eacd18e81aa6bd33449b8
general_sfx_rubberduck_01/hit_04.ogg	22089	.ogg	8b3001d958d87d386b70288075b4025c751798ab0a4b12de7675da79096c51ea
general_sfx_rubberduck_01/key_open_01.ogg	22976	.ogg	47f5317c0e76cb7e5873e24e9a4a6596e06454b7a278c103b3e07ab902001497
general_sfx_rubberduck_01/key_open_02.ogg	18092	.ogg	d1bdc1f001837e370902bf332bf3c08eef16bb9356d0c41e8ea1670fca76fa72
general_sfx_rubberduck_01/machine_01.ogg	25914	.ogg	9b4ee1e0737a99c63b1ada16766f22231484de244a5deb53986e93957634eff6
general_sfx_rubberduck_01/machine_02.ogg	24450	.ogg	247891c065b1c487571d7edc9759c4c2394649c8a919a4e525346bc9f376603b
general_sfx_rubberduck_01/machine_03.ogg	22359	.ogg	41534a39fc6187eb696a851ad0cac5495cafc964eb5195050102fe55b02cf377
general_sfx_rubberduck_01/metal_01.ogg	27067	.ogg	f638423b1c67c9aeb0db9410b968ca1a89de728f3117f1bdd35a4fc7be4130ed
general_sfx_rubberduck_01/metal_02.ogg	15991	.ogg	545c2d698e72e1a3f0f22407fc0567a1f1041d9dbeff528bef0947284b45fdf2
general_sfx_rubberduck_01/metal_03.ogg	17804	.ogg	35ec56e5136e7091f36470c3e502e714819c9ff843baff0910b095571459f274
general_sfx_rubberduck_01/metal_04.ogg	33808	.ogg	e5ac67a63335d849ffbc4a02fa60ceede0747e7854ebc3554c745b2d52f652cd
general_sfx_rubberduck_01/metal_05.ogg	34713	.ogg	b00d199e024b2d5f336bb3fee7ed2f890770caca739a497cb1bdc517119ea380
general_sfx_rubberduck_01/metal_06.ogg	29683	.ogg	5409b5a3a21e800b9dbfafe1ab0dfb219a53eca2a0654fa932ff04b4b5d4371b
general_sfx_rubberduck_01/metal_07.ogg	30116	.ogg	16b6d8272f13ee84b40cb9e0863d412fcbf88e1ce46a5c59691eb53e18ed7d17
general_sfx_rubberduck_01/metal_08.ogg	34506	.ogg	e563b1e5b137484250d70b800d2dab329dab601532f5aab9eef6db659d128a84
general_sfx_rubberduck_01/metal_09.ogg	29385	.ogg	0ac29c1f345c41ee6880876ccf4f69c66d1043b11d6c2f20cff49e78ae5d583b
general_sfx_rubberduck_01/metal_10.ogg	31011	.ogg	b11b6242c609bd61f3286c76ef9e2045f7323fa8d0c771309dd9409a6be59de5
general_sfx_rubberduck_01/metal_11.ogg	18922	.ogg	8f52c3a878e87ea2abb8f7a9fba90d0ec32034393661ddf87ba2b2b086024195
general_sfx_rubberduck_01/metal_12.ogg	50650	.ogg	ec09cebdd44a49ab1b744e86b7f881bbfb16a0ebb79e36b9a1ae3bf9a1612366
general_sfx_rubberduck_01/microwave_door_close.ogg	13194	.ogg	5bd10f6deec1cdf6eff3531370b611454a0c9bba266d9531cbbf7c5fa4970ac0
general_sfx_rubberduck_01/microwave_door_open.ogg	14881	.ogg	30dab76dc8bbbd770840594ecc826e0e1cc8574ea84c2e3cb2891bf48c54a0b6
general_sfx_rubberduck_01/noise_01.ogg	20473	.ogg	dd65899a487e2d307f86e7e5602f63b4cc2e2f77e6414b11ca84fca27ffdf10d
general_sfx_rubberduck_01/noise_02.ogg	29861	.ogg	65c3fc73139f56af481a54082fefb10b671b1881dd5e1ea1ecfdc20b84f7f795
general_sfx_rubberduck_01/other_01.ogg	38052	.ogg	1b44e4787941ce231234b2dc4f04f42ddd6801f2113bd9f20cdae8cdfdaa48a9
general_sfx_rubberduck_01/other_02.ogg	19097	.ogg	2b27f4431ab43b131c6a4edb5249c5052e0aeeeec1a9adf465ffa82354992217
general_sfx_rubberduck_01/other_03.ogg	22779	.ogg	23f9a010799bf9ae34669cb6b3869220dfe935e04922b4a58c1ccf3ded9da2fe
general_sfx_rubberduck_01/other_04.ogg	15800	.ogg	00590fb76ac21cd50bd7ce6f744713d52bbd3f3ed808b205220ad90ea3d8fe73
general_sfx_rubberduck_01/other_05.ogg	22177	.ogg	5b5d4b95fb720ee9e10666067299f5ea83e895995b0f2e694b7d3ebfa4ff1f8f
general_sfx_rubberduck_01/other_06.ogg	13086	.ogg	2468a1635460a2da0ed7b0d91417f787f925b26d900042ce289ebcebad7ec652
general_sfx_rubberduck_01/other_07.ogg	23925	.ogg	223c0bdc95b3c0317633ce3e924b168c5ceed233e2310b523b0f2f22c6ea8022
general_sfx_rubberduck_01/paper_01.ogg	25529	.ogg	b2b2b55e44761c7a45283bce0196f41f72207180fb08c970d7dcf93b705d280c
general_sfx_rubberduck_01/paper_02.ogg	27205	.ogg	4d0c68b367bd3fbdf9817e764908e5524b2cad6536eb0911fc74f6ab4f60c50a
general_sfx_rubberduck_01/paper_03.ogg	29838	.ogg	90147dde68b9e2082404f439165bbcb6f7c2364e88e9373d1cd1f7446a37f7b2
general_sfx_rubberduck_01/paper_04.ogg	32322	.ogg	afae7236bce275fad555922cc8578882eb0c0b5d822be0a9180c9efdadf4a770
general_sfx_rubberduck_01/plop_01.ogg	14327	.ogg	bd996051cd5de630329ba4b026d52e9452e34a54c40e87e3fbdede68c88ec185
general_sfx_rubberduck_01/plop_02.ogg	17177	.ogg	b4cbe7e0c49ad1caf2dc02dc218897bdf9b5bce2e5d11b3b87861dd5269c1749
general_sfx_rubberduck_01/pot_01.ogg	16370	.ogg	5ceca8a2a860e8c8c0e96f74714b4b4f66a562e76353fdbf62bc94868e797778
general_sfx_rubberduck_01/pot_02.ogg	27874	.ogg	d91aaf0c5f98e8c5380a8c28085d1f77ecdfba0a7307879abd72faaebefa3e94
general_sfx_rubberduck_01/shot_01.ogg	27125	.ogg	f293bc079a1859ba3d7e7f200c6d4a555543010eb7f5a33f561b064621819014
general_sfx_rubberduck_01/shot_02.ogg	16520	.ogg	4ff784ce514c3067542316c0071acd7d7cbce305f32525ea9a4e43cb72df3eaf
general_sfx_rubberduck_01/slam_01.ogg	24469	.ogg	30aad7b563efd45dbd652247c1c45a809a4f0cac3f7ea13e68893104431c5dca
general_sfx_rubberduck_01/slam_02.ogg	28190	.ogg	a81f7be947b01821b9170df068f0dd4af63fb8ee695b4043cfaf1a31fcf5c929
general_sfx_rubberduck_01/slam_03.ogg	27735	.ogg	55ffcee85bae3555425a51b828891b6621fe1cbe792bf41e61f66a39b97345f0
general_sfx_rubberduck_01/slam_04.ogg	16551	.ogg	2bb8a5ddbe612ca930f449c05c60c0f80af023f497e9aef4af1ba5303fca30fd
general_sfx_rubberduck_01/slam_05.ogg	18245	.ogg	3b796f84c86ee1c2607841831345804f27f1af2537cd1fbefa37d568208e1a1d
general_sfx_rubberduck_01/slam_06.ogg	23331	.ogg	46852b9233249ea9c146f8f49780ab0cb585d6d509f56f4ab3ca46fd6f8648ed
general_sfx_rubberduck_01/slam_07.ogg	30270	.ogg	8e263749ef16492768db136acf87ee533d2472a85dda5f8898316d48b6785a94
general_sfx_rubberduck_01/splash_01.ogg	27767	.ogg	8d48e8da680fbdfd3c885aa2f69d8e83ad16717bae43d178861d7af08d142849
general_sfx_rubberduck_01/splash_02.ogg	29916	.ogg	e515b7da00b2a268263824dbea9b7bc0c2e972fbd189fe3c02576d2e29af3aa5
general_sfx_rubberduck_01/spring_01.ogg	51221	.ogg	d672b3d444685f29dab4229c2d09bb5f59e0f31e92ceac8773e24beddf506155
general_sfx_rubberduck_01/spring_02.ogg	68466	.ogg	024b00be17500bc7d272089f95e4ce615c1bde6c6680926f61ea44a1e425fe58
general_sfx_rubberduck_01/spring_03.ogg	26826	.ogg	f05277b7af3301cc9eb4d76ab3751235cd60b42205f0763f06036cd90bdbaadf
general_sfx_rubberduck_01/spring_04.ogg	26848	.ogg	48f679060be3538232d2d18d45c0b38285fffd07b8e21ebc6896d42aa9b53327
general_sfx_rubberduck_01/spring_05.ogg	26386	.ogg	9fd8a51395a7d95cb1f945318efc60ecf5f331448e931d8837b8ab661274da9a
general_sfx_rubberduck_01/spring_06.ogg	49467	.ogg	a881b4d439c591a9b7478ce0929325ac93add608f75e11ec9f1aa5934469ee01
general_sfx_rubberduck_01/spring_07.ogg	30243	.ogg	a53ae8b8aea0d6a08a04633b5c4cdb4d5dbde4933e42cc81e3408aa6db271ef3
general_sfx_rubberduck_01/spring_08.ogg	39074	.ogg	55d3a9b9de5921f8c541bd2825c37b29d964ebdef9b5bb56e8629278e8145041
general_sfx_rubberduck_01/spring_09.ogg	30182	.ogg	495efc81b551f214acb47eaa7d6415e2ecc54287f46b1ab7c1015e8465fc9a5b
general_sfx_rubberduck_01/switch_01.ogg	12076	.ogg	a24004ad0adbc08571324456963533c496bd27cf4808b40cb90833dc06b95792
general_sfx_rubberduck_01/switch_02.ogg	22050	.ogg	769dca6ccbea5c33cef602cdaa6ab0350b0dc2b093f02eae36f33e2552036f67
general_sfx_rubberduck_01/toilet_01.ogg	291328	.ogg	502393b0cf4ef7be08eee5955d0c451e42f9b192b181fecd1f28ada0329c2257
general_sfx_rubberduck_01/toilet_02.ogg	168727	.ogg	9e4a1824ac584bb65ba32406155d37861df7e11b95ef62493246dd2da17f8dbc
general_sfx_rubberduck_01/tools_01.ogg	11411	.ogg	99cdef7f37b80cdea78681f24fee792a95fad1bb0f2c2b88dc3ae8baf539b0da
general_sfx_rubberduck_01/tools_02.ogg	11987	.ogg	b8439c5881ea9a6d4f2d373a75d9e95b40b0b8c158a98f6c0fe69f5f3d0932c4
general_sfx_rubberduck_01/tools_03.ogg	13617	.ogg	dafbd9b2eab999f124fef4e7949cbab1e45660692798c6e5b451ea95f6b9a66d
general_sfx_rubberduck_01/tools_04.ogg	12072	.ogg	687bc635188854cdf0f82b73c611470992838fbd18ad238c8abdd742906b9a57
general_sfx_rubberduck_01/tools_05.ogg	23180	.ogg	73d2db751d60c6dad1d4370a99075a9a614d2e1f0bf18279d9de54fd13c6e645
general_sfx_rubberduck_01/weird_01.ogg	13364	.ogg	30247e4ed2337e087dac92ee59fe39cb5a0f02dd882dd842f7540124f3836f4a
general_sfx_rubberduck_01/weird_02.ogg	39027	.ogg	4364f075610a6a71fbf2a2f44021b1f1fae8c01bd0e77a3a86ef58eb5211b32a
general_sfx_rubberduck_01/weird_03.ogg	29079	.ogg	c662c83ae3a61621517f4f300bbf3e992a8343019aa6168c5bda338c8fa341d9
general_sfx_rubberduck_01/weird_04.ogg	45215	.ogg	b9d68681fbf0a401c28ebe0c959ac778240643a9304349ad514d8df30f60ad95
general_sfx_rubberduck_01/weird_05.ogg	28702	.ogg	a807134034f960ff929203f2648508c66631410b9a44d6dbee2ae5e41403d0ec
general_sfx_rubberduck_01/wooded_box_open.ogg	20092	.ogg	f564d93620fa150f6a85f86f26c3dc61ca42b62c887bc833b3af3a564897796f
general_sfx_rubberduck_01/wooden_01.ogg	9357	.ogg	e7f7b1243ecd6ff3487eee1540de56f38fac606fe6218bdd49a91efc29ae1b9a
general_sfx_rubberduck_01/wooden_02.ogg	19447	.ogg	a6f6edf91a63c5af9059f70df0ac4e3fcee2c57342dc41dd3a166810365392fd
general_sfx_rubberduck_01/wooden_03.ogg	20716	.ogg	864c68b8622eaf900f2b9932d2998cc9840dc95b61a148e37550ddb382c92777
general_sfx_rubberduck_02/sfx100v2_air_01.ogg	35391	.ogg	bb292a9fc082557e65199d01abe124459d910519b39c913ecb6c6f2207576d6f
general_sfx_rubberduck_02/sfx100v2_air_02.ogg	18127	.ogg	c2d5d5f73b70c155797c1655bdd1850145a47606803e1d9b6dd9c59d35a6909a
general_sfx_rubberduck_02/sfx100v2_air_03.ogg	8034	.ogg	df32019155c3a8b5fc77244126261695f762ba7018a4fc4c6d9ad201cedeb985
general_sfx_rubberduck_02/sfx100v2_door_01.ogg	9219	.ogg	3fffeef28d3c1662814c33411fe5e76cbb1f74fe58c9ed0cab796c57ca9846b7
general_sfx_rubberduck_02/sfx100v2_door_02.ogg	7694	.ogg	317b5caa1e2800dea1189b73ac2a6e4f92b137da7bfe115c7acc382c3f43da6e
general_sfx_rubberduck_02/sfx100v2_door_03.ogg	12603	.ogg	9776b3858ca41bb6e8363b8195a70ebc70e3404a6c08ead1907177c65ccd04b6
general_sfx_rubberduck_02/sfx100v2_door_04.ogg	7096	.ogg	76d65828142228ea2c25d936971437a77bfad30bf482e3d55d49081a8723590a
general_sfx_rubberduck_02/sfx100v2_door_05.ogg	8913	.ogg	96e51ecf6c493753740ae3ddd260734a079b5f492d087c7e68891ce78289e535
general_sfx_rubberduck_02/sfx100v2_footstep_01.ogg	8134	.ogg	007a96c62d6c335df0d292bdc5cf44fef768b7e2f14378759d03673be6be7ec6
general_sfx_rubberduck_02/sfx100v2_footstep_02.ogg	8318	.ogg	8b478a7245bbe358fcddaa5047f8f4e29c8eca52ff79c25d489b5f378747228c
general_sfx_rubberduck_02/sfx100v2_footstep_wet_01.ogg	8079	.ogg	c2663b62fc7239972c044719b95daec4004976fc9bd0a1678c06170d99a3d408
general_sfx_rubberduck_02/sfx100v2_footstep_wet_02.ogg	9330	.ogg	b2cfbdd75ee970dcb68cc157fec818eda2f5802989b0da684aa67817cb914b52
general_sfx_rubberduck_02/sfx100v2_footstep_wet_03.ogg	9029	.ogg	4d475dd54d72a862cb72fcff4d1970161e619352f500f8b75755a2f5e987513e
general_sfx_rubberduck_02/sfx100v2_footstep_wood_01.ogg	7391	.ogg	52465eeb853a8fa3cd9f4e218dc0b28bdcb3bb52da72f5bece5d47cae2523a20
general_sfx_rubberduck_02/sfx100v2_footstep_wood_02.ogg	7801	.ogg	e6c35ceaabd50775ba222d8c9566e807b876debf066443626a0a4906849982d4
general_sfx_rubberduck_02/sfx100v2_footstep_wood_03.ogg	6272	.ogg	c02fd155ca74ece4e5c9992f1d48c615bc768b0a8c712423d7091bc0f1207d4c
general_sfx_rubberduck_02/sfx100v2_footstep_wood_04.ogg	7591	.ogg	d229d313dc89c5c1d337f2f348d75822695530832fd10469595a3d37c53118ab
general_sfx_rubberduck_02/sfx100v2_glass_01.ogg	7727	.ogg	9c664345b242c2ff06e4d00b0383a03afe1b7bf8a685ec9628fb605a1e43c196
general_sfx_rubberduck_02/sfx100v2_glass_02.ogg	10592	.ogg	27464f1af8eabe2df582d17d12fd9e140e69723d87a4548123cb0ac796aded0b
general_sfx_rubberduck_02/sfx100v2_glass_03.ogg	11271	.ogg	e540ec72e2386a1e98f23047f4f070a8554335f57417deb11514a198382a58fd
general_sfx_rubberduck_02/sfx100v2_glass_04.ogg	7040	.ogg	f639cedb7d6d2383202b37c5a55e0a81c57ab178c19f506b75ca4b3ffb118345
general_sfx_rubberduck_02/sfx100v2_glass_05.ogg	12153	.ogg	5179a026765a6ab37fbeb7f97935aac0b355161f07731e7a39c95b213beb35e8
general_sfx_rubberduck_02/sfx100v2_glass_06.ogg	10379	.ogg	00c27eba112a5d6dda6658a7de104aebea21befa597aa493c134a6f1c7f239a2
general_sfx_rubberduck_02/sfx100v2_hit_01.ogg	7903	.ogg	61b8b2a790e2c8dcf315886933aaefc89a8e4053d81c6869c264e40aa80f8233
general_sfx_rubberduck_02/sfx100v2_hit_02.ogg	6766	.ogg	f75eaee9a0cea0f99e5d173a924c4ac72c865450c494794f9bfe48315461baea
general_sfx_rubberduck_02/sfx100v2_hit_03.ogg	6673	.ogg	f44a40884dd13df80ef6bad1b8ca91a2566daaf9e03c25420ff018e4ba11e632
general_sfx_rubberduck_02/sfx100v2_items_01.ogg	13577	.ogg	828940e6c04c63ea22f15ff47b6722c2b9fde54f148b26935d95a645baf770f4
general_sfx_rubberduck_02/sfx100v2_items_02.ogg	12726	.ogg	fe585eaf85fbbc0f56653174bc374aa9d2143c9dad68154bf9c596f7c1ee62d6
general_sfx_rubberduck_02/sfx100v2_lock_open_01.ogg	12434	.ogg	5147f96254216792e0bf5f32a3589efbc4e4632fbba4737740f336b7bfbf3f55
general_sfx_rubberduck_02/sfx100v2_loop_ambient_01.ogg	200436	.ogg	da300375993cd5b807c497523a05ec8e9ee0912ea3500efd733eb5d4c4614fc6
general_sfx_rubberduck_02/sfx100v2_loop_ambient_02.ogg	57688	.ogg	e0ff913ddca018d6f97f1bb4d5f8e0b5ab913e4421d1e5f7ccbd4ffadd908573
general_sfx_rubberduck_02/sfx100v2_loop_ambient_03.ogg	53822	.ogg	313ed49a7c84406f388aefa6d107f3fb08efda584dfc0f337dfe8900a90f1b85
general_sfx_rubberduck_02/sfx100v2_loop_ambient_04.ogg	183679	.ogg	1a3c6e80fd4f630abc2377f88734dabc58b9d08256426e33f985e0e606a5a0e6
general_sfx_rubberduck_02/sfx100v2_loop_construction_site.ogg	170609	.ogg	2037a4b9825c9e9e9434841c35b7241b6e8718b16925f05fdd9d8ed01269bf80
general_sfx_rubberduck_02/sfx100v2_loop_highway.ogg	187109	.ogg	e20f1110657b69dccc15a23dc16863a9186123818bc1de38209f85cc771c4678
general_sfx_rubberduck_02/sfx100v2_loop_machine_01.ogg	83979	.ogg	18aa96bda8feb81ffa4158545749a4fddbd419124025832d0014bb0ddfaecc8a
general_sfx_rubberduck_02/sfx100v2_loop_machine_02.ogg	123685	.ogg	098f3c6ea71eef9ccd1667f36e9bd8cfd51857603ff56f649ab742dd75d8fe98
general_sfx_rubberduck_02/sfx100v2_loop_machine_03.ogg	54177	.ogg	0508e8b7c73e0492ff58abc2dcae303f5492c1e14b51dc62a74387db1ca13b73
general_sfx_rubberduck_02/sfx100v2_loop_machine_04.ogg	66131	.ogg	a704a39b52999a767e88416fd26cb6d43124b965d4fffd3c37272447bc6382c7
general_sfx_rubberduck_02/sfx100v2_loop_water_01.ogg	72644	.ogg	955a367cf87f150f7868e2ecf5745ef13cec2c78a29304eda27e74f1fea06c57
general_sfx_rubberduck_02/sfx100v2_loop_water_02.ogg	104892	.ogg	32bc3462ebd2376d9b84e8f602969f8c2a475f589adee9804207e19116cda768
general_sfx_rubberduck_02/sfx100v2_loop_water_03.ogg	109094	.ogg	33b123860425a34ce8de43cfa075b0b4ffb7a3cf090be5c21213c9b99f3d2fa3
general_sfx_rubberduck_02/sfx100v2_metal_01.ogg	12444	.ogg	c2e97c7a8e7bca13eb3f711d8a9f58aa7f982c69af43af4ce4a151246a42ebee
general_sfx_rubberduck_02/sfx100v2_metal_02.ogg	9891	.ogg	d33548b1b6d977ecd5b8433c305dd99533232a2aad40d2e0bc5bc90e8549cbd2
general_sfx_rubberduck_02/sfx100v2_metal_03.ogg	7971	.ogg	53eb198a955b61962b6ca88461379236b08d2d0eec5807570339946b10117cab
general_sfx_rubberduck_02/sfx100v2_metal_04.ogg	9408	.ogg	33c7d65086795882b8ffaaa215be3b38695dcca5e2112e5d9e3fe6e67328dae7
general_sfx_rubberduck_02/sfx100v2_metal_05.ogg	9663	.ogg	64e7b8d40642f59c0aa2f925d66ce9333b0cbb20bc010f1496cd89cd7197d247
general_sfx_rubberduck_02/sfx100v2_metal_06.ogg	8154	.ogg	3d989232768f98190fbdcfff80f890f476c4d18d7709c5c907b20439bbf70d5a
general_sfx_rubberduck_02/sfx100v2_metal_hit_01.ogg	13340	.ogg	ad7167446b3d2fe0f5bb9009c4c4c6bca583107d4525549239782a22d84a5db0
general_sfx_rubberduck_02/sfx100v2_metal_hit_02.ogg	7136	.ogg	5ea1f077585fb655220a19bcd5cfaf44d60151652339cdcecc86b1fc3b4fe94d
general_sfx_rubberduck_02/sfx100v2_misc_01.ogg	7573	.ogg	859d7efdd1c4bf11e3c11d47435feff9c829f87682862ec8e656a257bdf4ccbc
general_sfx_rubberduck_02/sfx100v2_misc_02.ogg	12974	.ogg	f402a1771027e3c14c462bc5872798541338ce15fecc344a3ce082c53c9a1a9b
general_sfx_rubberduck_02/sfx100v2_misc_03.ogg	14705	.ogg	d9d34b034e0654ea046c1a9758b2525aaa9c79d470777987bb8c8f74094a3b08
general_sfx_rubberduck_02/sfx100v2_misc_04.ogg	9820	.ogg	d9131ec104e83030f0c3f0501749fcc0def72e29eefce5617d2d3acdad394603
general_sfx_rubberduck_02/sfx100v2_misc_05.ogg	9614	.ogg	72cb1939e193775acb47cadc8347c3ad5f22141e26025bc9dabe9a14cf8880f7
general_sfx_rubberduck_02/sfx100v2_misc_06.ogg	9208	.ogg	5de97b852b56350b6c38c3dc7dde734cd2474842b455206dcb24c2106df19b54
general_sfx_rubberduck_02/sfx100v2_misc_07.ogg	6616	.ogg	ad97042f94345e9fa4af2baac33afadd5a271985f0aab02c14e38d852f00e19a
general_sfx_rubberduck_02/sfx100v2_misc_08.ogg	7790	.ogg	357a5d56167674567f61cbe8440ec6da912f778360564c0982221bc0a22087b2
general_sfx_rubberduck_02/sfx100v2_misc_09.ogg	13317	.ogg	ffc358e93906a7882d58e41cdc4e8f4cc30a167ae1a5d3a571cf273410c6cd05
general_sfx_rubberduck_02/sfx100v2_misc_10.ogg	13604	.ogg	b237673e49405dbe39fd76d9ee75f144108693e3372caa5a355eab7ef30b4f87
general_sfx_rubberduck_02/sfx100v2_misc_11.ogg	10324	.ogg	e622088d887adecdf3ea2c5585c759edac59834a90001038e018340f8644f4e8
general_sfx_rubberduck_02/sfx100v2_misc_12.ogg	42078	.ogg	f0de2422aac5c0c07fcb807a43b576b8de9bc5f0a27e392a78f0be440adbec45
general_sfx_rubberduck_02/sfx100v2_misc_13.ogg	13195	.ogg	055d4c66217240b989cea31b29792e890c1e0c846dbf06a466e5f9cbffe88237
general_sfx_rubberduck_02/sfx100v2_misc_14.ogg	7422	.ogg	5fcbafdf6241c0a69a508cd41d3c043519290c4445d964d3fe9c9d1e0cee9427
general_sfx_rubberduck_02/sfx100v2_misc_15.ogg	9847	.ogg	f28389627f8a10b32fae95ab173a9b1278b4b8882a896dc948d9025e26af51f6
general_sfx_rubberduck_02/sfx100v2_misc_16.ogg	13386	.ogg	e8f5b6e7722d914bef04d834af86c0f6a825cdcb61e50c9b8ab92ae25514363e
general_sfx_rubberduck_02/sfx100v2_misc_17.ogg	9442	.ogg	7552abd789a82c5cd24ae1d116b80c0b8338146068917aa18b727c44cb05cce6
general_sfx_rubberduck_02/sfx100v2_misc_18.ogg	10710	.ogg	27fe46262d64533b23422c396aebef947ba1176eb36759181e0e116edf940c34
general_sfx_rubberduck_02/sfx100v2_misc_19.ogg	10320	.ogg	4e1845008a3fd8f5bff6337b974f661ad987da362bf8b51829c5908961221352
general_sfx_rubberduck_02/sfx100v2_misc_20.ogg	8713	.ogg	8ec989891acb43c3540f75579dbc7c14966a1121adb4337201d291d71c736b5a
general_sfx_rubberduck_02/sfx100v2_misc_21.ogg	25440	.ogg	905192db3279855fd50021b3c14b8f17ba60c5f73332cd124da4aba918202737
general_sfx_rubberduck_02/sfx100v2_misc_22.ogg	39657	.ogg	b2a2c20119f5e045cdcbe8f0f9fdda4d754bc129a9557f9ff6abc2ed84d63e43
general_sfx_rubberduck_02/sfx100v2_misc_23.ogg	11568	.ogg	9608a2f15b974c55cc9b57e2fa39562f6ce26942d2e37975b89ccc02b2b836cf
general_sfx_rubberduck_02/sfx100v2_misc_24.ogg	10758	.ogg	03c688e64ea8af452773b35c5591c9dbb18deec1cc0d63ec19bd7eb0fb77170b
general_sfx_rubberduck_02/sfx100v2_misc_25.ogg	15953	.ogg	a84bb05ad572bf56e5a9ba73f85d3d610773fa07b0d71a251928be729e346bbd
general_sfx_rubberduck_02/sfx100v2_misc_26.ogg	8895	.ogg	ba96e8417c38548ca02a015bcb696667da7c976b742af1b7f8a35d1f3aa98dfa
general_sfx_rubberduck_02/sfx100v2_misc_27.ogg	7738	.ogg	c76cecfd5ba91093fd3bd5d9514ab3f0a8808a3efce02ce2e7c472a92bf6865b
general_sfx_rubberduck_02/sfx100v2_misc_28.ogg	39519	.ogg	58df0970c7531038c3730f5f92fd10986264efc91d17168ce6597647e8f68fa2
general_sfx_rubberduck_02/sfx100v2_misc_29.ogg	8602	.ogg	9b6419b27ad4abae663a12ef7ce77445acd9c6dc57427bf9539ef07a70bb1420
general_sfx_rubberduck_02/sfx100v2_misc_30.ogg	7730	.ogg	40817110d6471c8c87986a76537463c3a3757c6f7bbffe681e0eb3861a08365a
general_sfx_rubberduck_02/sfx100v2_misc_31.ogg	6509	.ogg	82834bcf0943768a6b3057b4fe6b54ba1f9ea51c6899be8f0d7755a909e40a47
general_sfx_rubberduck_02/sfx100v2_misc_32.ogg	11772	.ogg	78be9e46f6ea6e8d993f7acae7a85094f88eefc04ef7427f0e313beaae0fa55d
general_sfx_rubberduck_02/sfx100v2_misc_33.ogg	15318	.ogg	cb7c531c4e04bb4b3fbffef56022a4f9493acf54e9fb6401189499e9e6e87350
general_sfx_rubberduck_02/sfx100v2_misc_34.ogg	14383	.ogg	4d4fe17c6c95115d0af1d307f5c2453d8182ac0cd771c2fccc633e2d78a73879
general_sfx_rubberduck_02/sfx100v2_misc_35.ogg	13476	.ogg	a67d9c58c187df12b710bf53334e44972200d9ae1b25065a67b13634765b499e
general_sfx_rubberduck_02/sfx100v2_misc_36.ogg	10178	.ogg	3d6149605a3037969f4917467558689dcc13fbefa74740afe3a4da1f69af59b4
general_sfx_rubberduck_02/sfx100v2_misc_37.ogg	72484	.ogg	1416274a2b40502b97bf95067c66f0d7d3bf343c684f0ce069fa9f382ffbe64d
general_sfx_rubberduck_02/sfx100v2_stones_01.ogg	12669	.ogg	20d293a892e1fa6330da2569065aa260a822198bddce2b183f8c11642e7deb4d
general_sfx_rubberduck_02/sfx100v2_stones_02.ogg	12558	.ogg	23f8c7335eb656ea759899946ed665712ec41f4572656f421f7f5652bea66279
general_sfx_rubberduck_02/sfx100v2_stones_03.ogg	12455	.ogg	94d7e0978fd90621d2d24e8ea33eefbae2933a434bb14c643cc12ea5175cefa9
general_sfx_rubberduck_02/sfx100v2_switch_01.ogg	7740	.ogg	fa2c8ebd6361394762e9964698a0be2e31ae62dc91510f81c716c0ef8cf5741d
general_sfx_rubberduck_02/sfx100v2_switch_02.ogg	7760	.ogg	4ea2e80d7b9bee89dcb878233ae6bd3a18c1cf960885ec844b3d43dfbf8d700b
general_sfx_rubberduck_02/sfx100v2_thunder_01.ogg	51493	.ogg	8a4f1dee999546b363f989eff92174375eeae7c241dc9beaa0892fb131ef12a9
general_sfx_rubberduck_02/sfx100v2_wood_01.ogg	11855	.ogg	3d2f562125ccc5f4e5b2d547fac204025249acbe4ff31db721a64a639cf58fd6
general_sfx_rubberduck_02/sfx100v2_wood_02.ogg	11044	.ogg	199fd6f6715ea73028163346ac08de5b02cbd304569a6590ae6fc581221a840d
general_sfx_rubberduck_02/sfx100v2_wood_03.ogg	12811	.ogg	57330fbbd91c7ab5356c65f22813988bcf07d363099b5dda0a958ceab443df2c
general_sfx_rubberduck_02/sfx100v2_wood_04.ogg	6647	.ogg	afa88de3d54c12b2a8111149da18de5b0eb2bf315f8c8cf0814e181a36da1d0b
general_sfx_rubberduck_02/sfx100v2_wood_hit_01.ogg	7629	.ogg	84abc80d93011d86f29bc55c10a023265ece0851d0784d1bf07c5990f08daeab
general_sfx_rubberduck_02/sfx100v2_wood_hit_02.ogg	8233	.ogg	7ff0c18fafb7d025addb5d3cb586444842d8281ca9ed265eb2ac7213fa754b8a
general_sfx_rubberduck_02/sfx100v2_wood_hit_03.ogg	8113	.ogg	268dddd7bee1961ef6ea0ab41972be6eaa45c2449aca6e53dab57ecd04c7de2a
horror_hits_psychhead/Horror Hit Soundpack 1/Sound/Pitches/Bassy/Bassy 1.wav	932328	.wav	5230abfe92bbc31e90540aeff3ccae8b1afc0c17f7c7939a1790f5bb0676b3f1
horror_hits_psychhead/Horror Hit Soundpack 1/Sound/Pitches/Bassy/Bassy 10.wav	876244	.wav	55b83c9c039bfcfb4e04c7360e5edb4389b45147bb0553d23de2393c30117399
horror_hits_psychhead/Horror Hit Soundpack 1/Sound/Pitches/Bassy/Bassy 11.wav	670732	.wav	0207bc9974805cdb06ae2b1297ce7bf16fe0be514bad164132641583edbbe432
horror_hits_psychhead/Horror Hit Soundpack 1/Sound/Pitches/Bassy/Bassy 2.wav	967312	.wav	adf0ca7da7b6ed6273c7dfd3b65691143d962f278f0cb417e9c48ee9c58d4d91
horror_hits_psychhead/Horror Hit Soundpack 1/Sound/Pitches/Bassy/Bassy 3.wav	751304	.wav	c6728fc49296d0c77fd4f775858f909b96becccf8bfaf6d6d99b830c1e0fb903
horror_hits_psychhead/Horror Hit Soundpack 1/Sound/Pitches/Bassy/Bassy 4.wav	885668	.wav	431bc27200dc12eb15405e35387ace2b0031dc2838a57e41528b40bef0a61f52
horror_hits_psychhead/Horror Hit Soundpack 1/Sound/Pitches/Bassy/Bassy 5.wav	1138928	.wav	a5d8190d4106134a497fbda55ba45a45a146e1fe1741f2594c4da6f7ae2b145f
horror_hits_psychhead/Horror Hit Soundpack 1/Sound/Pitches/Bassy/Bassy 6.wav	1048636	.wav	2b07f3459a233c95cb395a218a46f8af60a7d5a6f0520e479a935d85334e69c4
horror_hits_psychhead/Horror Hit Soundpack 1/Sound/Pitches/Bassy/Bassy 7.wav	961956	.wav	f044a749d9ab4a33fbc67c13269637c2e6c4d3a4d599a66c5c11ae2661446975
horror_hits_psychhead/Horror Hit Soundpack 1/Sound/Pitches/Bassy/Bassy 8.wav	968188	.wav	8317c9be47a4113bc4e44b685cde01f1b73d37542a2abfeaca4a6567c039a2ce
horror_hits_psychhead/Horror Hit Soundpack 1/Sound/Pitches/Bassy/Bassy 9.wav	922688	.wav	64e7b28a1b066f432ab8edf164eabd6f249eb69b07427a4adb1b5f35dff32de7
horror_hits_psychhead/Horror Hit Soundpack 1/Sound/Pitches/High/High 1.wav	732356	.wav	38160f3290d3ad72b76b37afbd8eacb6ad502e9fc51b96ca8daea892c50a735a
horror_hits_psychhead/Horror Hit Soundpack 1/Sound/Pitches/High/High 10.wav	1077880	.wav	c507b241c8df150241d7efa9b8df458cccf1cf219f9166fc581aa13859bd1cc5
horror_hits_psychhead/Horror Hit Soundpack 1/Sound/Pitches/High/High 11.wav	1013600	.wav	724fb6656a227698d738480ba8764e184f2c1cbb012a2600892476602c4c5bd3
horror_hits_psychhead/Horror Hit Soundpack 1/Sound/Pitches/High/High 12.wav	616820	.wav	689f9e5b1c331fd7e0871f56c28366c759656fc24f17eb973a90f5576b864f21
horror_hits_psychhead/Horror Hit Soundpack 1/Sound/Pitches/High/High 13.wav	547692	.wav	fca34ba0cf5ac259e139c6bae0411a3962708721eafe3fa82ea422e250976c23
horror_hits_psychhead/Horror Hit Soundpack 1/Sound/Pitches/High/High 14.wav	687148	.wav	24cafe9f22869bb05f57e58f901da07dadeaadb36c6a160c7187eef4e1651f08
horror_hits_psychhead/Horror Hit Soundpack 1/Sound/Pitches/High/High 15.wav	686284	.wav	39bdf2a82d3befe328032666b77c40b1f38b89b739e6a4128700a381367ea0d5
horror_hits_psychhead/Horror Hit Soundpack 1/Sound/Pitches/High/High 16.wav	749128	.wav	25bae981dfce68c2f5f02e6ad12ef153ebfbaf1e5fd34cbf8a05c3a1bbba78a0
horror_hits_psychhead/Horror Hit Soundpack 1/Sound/Pitches/High/High 17.wav	862284	.wav	8cb76056afb3d39f684e8c01be8e676fd2ba907271407d06eadda2e795459607
horror_hits_psychhead/Horror Hit Soundpack 1/Sound/Pitches/High/High 18.wav	914112	.wav	2422f5a8e3cf13be488f3a4753bddd18f70b9d20451cde428aac00c8314c402d
horror_hits_psychhead/Horror Hit Soundpack 1/Sound/Pitches/High/High 19.wav	613468	.wav	e1ff6e43aa8e1bd044459c8c4fbabf6604c0cc9bff1c6c96b94cceea24278437
horror_hits_psychhead/Horror Hit Soundpack 1/Sound/Pitches/High/High 2.wav	735608	.wav	645e6390832a64211ad0d6d38db9cebec99e620a521f98b777334be30b6a1e99
horror_hits_psychhead/Horror Hit Soundpack 1/Sound/Pitches/High/High 20.wav	757800	.wav	fc5ac4fda247d4a241ef82ae07c64d4e0097f39664c0fb03f2688f6d27ce86e7
horror_hits_psychhead/Horror Hit Soundpack 1/Sound/Pitches/High/High 3.wav	863860	.wav	99637725a113a443a7806928967315ea0b7f5d57916891d395f9db90dd2bb626
horror_hits_psychhead/Horror Hit Soundpack 1/Sound/Pitches/High/High 4.wav	814468	.wav	91a8a265297afefd0598fb9a48d37e8f799ae020d712d7b2a13291b109a2be67
horror_hits_psychhead/Horror Hit Soundpack 1/Sound/Pitches/High/High 5.wav	757636	.wav	379c4af162a71a4018e9917afdf856cd5694dc58acc12a004506eae31319ecf1
horror_hits_psychhead/Horror Hit Soundpack 1/Sound/Pitches/High/High 6.wav	958556	.wav	4368e2c4aec28d5a1e102e6eab823f6ebd043e017ec088c43bc6e35b70b95aeb
horror_hits_psychhead/Horror Hit Soundpack 1/Sound/Pitches/High/High 7.wav	916092	.wav	df2dbd35eb93ba8c9d337468ea13763710c054e2fe8beeadf57cbd66278eae59
horror_hits_psychhead/Horror Hit Soundpack 1/Sound/Pitches/High/High 8.wav	912084	.wav	c7e770c388b9aa5ef631cbebf680a9de280c9b69d681bffea6c066507f7483f7
horror_hits_psychhead/Horror Hit Soundpack 1/Sound/Pitches/High/High 9.wav	980320	.wav	f77b1396b1b4db66ddab4033fc37099f78770e541150a1acd1636c6bcb7314b7
horror_hits_psychhead/Horror Hit Soundpack 1/Sound/Pitches/Mid/Mid 1.wav	938356	.wav	d6a93746cb34e4994ba12738e57bc63fa538829f4f30fe00670264ae6b207ab4
horror_hits_psychhead/Horror Hit Soundpack 1/Sound/Pitches/Mid/Mid 10.wav	933572	.wav	a05d29ae2a3e6e198edc5bc764417c572c0932468c03a3e98c020ddf5e66aeb5
horror_hits_psychhead/Horror Hit Soundpack 1/Sound/Pitches/Mid/Mid 11.wav	669844	.wav	829f707723860a5157e63e2596904d89a2bb3f1102579c13003a1ddf4c43e224
horror_hits_psychhead/Horror Hit Soundpack 1/Sound/Pitches/Mid/Mid 12.wav	844776	.wav	983c461e1be2fd55e558b4f9990e92f8beab1b4ad42c0af9d287e41e06ec1a60
horror_hits_psychhead/Horror Hit Soundpack 1/Sound/Pitches/Mid/Mid 13.wav	971688	.wav	f0ddf0bd21540af23a799cfe8ee4ab0dd4ae95a88d9b938cf25c50b75425755f
horror_hits_psychhead/Horror Hit Soundpack 1/Sound/Pitches/Mid/Mid 14.wav	884436	.wav	774359b38c31f610f55dd9cb8ebf74979972be9975364dba2dcfea75e182f35c
horror_hits_psychhead/Horror Hit Soundpack 1/Sound/Pitches/Mid/Mid 15.wav	648176	.wav	a75860a3c5e3a2696b4cb32f5be786bf6e79a2abe8830319a2a0f7454a9b7c0f
horror_hits_psychhead/Horror Hit Soundpack 1/Sound/Pitches/Mid/Mid 16.wav	677648	.wav	019152fbd3ace76e82320d8594f690ff584af207b0386bc82dfca0c5b4183020
horror_hits_psychhead/Horror Hit Soundpack 1/Sound/Pitches/Mid/Mid 17.wav	676500	.wav	b88e763afe84faa26f86373928a979a0927d12f8fd95381ab80c9fd48364e2f4
horror_hits_psychhead/Horror Hit Soundpack 1/Sound/Pitches/Mid/Mid 18.wav	887676	.wav	b6abaea1a5cfb7c3188486ebb9b7774e576271808d479fb5605175fac4947f9b
horror_hits_psychhead/Horror Hit Soundpack 1/Sound/Pitches/Mid/Mid 19.wav	797988	.wav	5ce4c0e67b566daf7357452813f830eabf41d984d8794632ef06d26d7195cb20
horror_hits_psychhead/Horror Hit Soundpack 1/Sound/Pitches/Mid/Mid 2.wav	797172	.wav	428c897d3fd47fc750d9326320e84cc3a1b604ca4219f1a856f4a6a8e8f8ea59
horror_hits_psychhead/Horror Hit Soundpack 1/Sound/Pitches/Mid/Mid 20.wav	664460	.wav	682521a67a749c6152db8d275fccc56653b5252c652789c66d0239f6d8696ad6
horror_hits_psychhead/Horror Hit Soundpack 1/Sound/Pitches/Mid/Mid 3.wav	831192	.wav	c626d0d36e912287259a158b8616636b98d41250408c672083220b9f97552b59
horror_hits_psychhead/Horror Hit Soundpack 1/Sound/Pitches/Mid/Mid 4.wav	886760	.wav	757a4becc4dcca5752d37f1fb51743e1c0307ef911b253bfb64b266469b6f8e2
horror_hits_psychhead/Horror Hit Soundpack 1/Sound/Pitches/Mid/Mid 5.wav	871092	.wav	500a975cc9a805c0be03640a66847d5d368e82a67a3c7cbb7202fe06bd691759
horror_hits_psychhead/Horror Hit Soundpack 1/Sound/Pitches/Mid/Mid 6.wav	1053032	.wav	5e11399660cae3045b4ebb18955a22e268d04ca868dad8b8a97eeb79e4b4d9f3
horror_hits_psychhead/Horror Hit Soundpack 1/Sound/Pitches/Mid/Mid 7.wav	1037272	.wav	ca262782e389c8c61c33042618b12ee95db846675f3283ad972c01b70e82e3a7
horror_hits_psychhead/Horror Hit Soundpack 1/Sound/Pitches/Mid/Mid 8.wav	766432	.wav	67a404f082cef49ee02a328159d6439c38fb3d3239176b5ac9e56983ef1954f7
horror_hits_psychhead/Horror Hit Soundpack 1/Sound/Pitches/Mid/Mid 9.wav	972544	.wav	ae7681848438a7c4def1f706d4ae0b11fd1b356f66933c4c6dc4a101eb5fdeee
horror_hits_psychhead/Horror Hit Soundpack 1/Sound/Pitches/Very Bassy/Very Bassy 1.wav	842348	.wav	fb046e441910514a14457f876debe6a872d9d5498c5e5c397ff75182cb68e7bf
horror_hits_psychhead/Horror Hit Soundpack 1/Sound/Pitches/Very Bassy/Very Bassy 2.wav	1026020	.wav	7e3f2e527aa42be006ead9671f4b13fc9605387b65060d7f9b64f02c7891edc3
horror_hits_psychhead/Horror Hit Soundpack 1/Sound/Pitches/Very Bassy/Very Bassy 3.wav	911812	.wav	eb829474026c9c165af7875ea0eb7c61f1246cfadb91970716c9b0117eff0aab
horror_hits_psychhead/Horror Hit Soundpack 1/Sound/Pitches/Very Bassy/Very Bassy 4.wav	768780	.wav	790d00d0b6566b5fec9460e3aa23deb32090b227728fc1f80ed4c29733e74420
household_foley_owlishmedia/Camera/Camera_01.wav	52764	.wav	eaef1eb4e6bb310ef9cacec1afcc60214c1f6622c1f3a18633c260ad2db8ca0b
household_foley_owlishmedia/Camera/Camera_02.wav	43628	.wav	dd8167846ee3d99e633291e51c84cb0d94639b5372bbb9486fdc14b42977e5dd
household_foley_owlishmedia/Camera/Camera_03.wav	178984	.wav	ee6e8553eeabee88288c778e5882b0de425614364deb36a46b5ef50c1ef69730
household_foley_owlishmedia/Cloth/Cloth_01.wav	162784	.wav	7a2ca69337c8c0524dde4f34aeefbcdc63a8c7528f62fd3e3a6ed98f4c1ff75e
household_foley_owlishmedia/Cloth/Cloth_02.wav	143222	.wav	dd738a581248f52e8c1a81ad41b7291c7b7ada740073c4791827760fe0b11768
household_foley_owlishmedia/Cloth/Cloth_03.wav	164960	.wav	0852458e2e59541e3d759436c7a6cf8931f50ce6218d7cdecf2527422fc4d7bc
household_foley_owlishmedia/Cloth/Cloth_04.wav	61220	.wav	23de90ec4e0ce509f03b8a24a7e855b99af1262827d601f8d11b601d9f343cf2
household_foley_owlishmedia/Cloth/Cloth_05.wav	45614	.wav	01521e1895f50ec054db264a967b71f0b68f26b08a2952d8d57e69f2f3ebc1be
household_foley_owlishmedia/Cloth/Cloth_06.wav	127030	.wav	143fb58d76d94f8e29a8521c5a46cb51c23f3c6c2ffe8317de1e87a917b4ed00
household_foley_owlishmedia/Cloth/Cloth_07.wav	99894	.wav	1f3d0bd5368328b7a46c753caac30da10b9c8912c7eec51161b06732f062c6e2
household_foley_owlishmedia/Drink/Drink_01.wav	54644	.wav	11f6f90b8be847968e868a6a643fbb017c7116959ae3907216357949d8c1fe91
household_foley_owlishmedia/Drink/Drink_02.wav	49790	.wav	4bdeb230f3cdddb87e157f8a44c3bd84a013b8d8b9180c0eafcbb6936dae86ac
household_foley_owlishmedia/Drink/Drink_03.wav	50322	.wav	2d89d0263d070b507470cb1bad7b5e02ad9d5dc9ed85c3c5a209c1810609a7a8
household_foley_owlishmedia/Drink/Drink_04.wav	50164	.wav	eaf57ceb11003551a815382acc1317e6c0adc15c1bdf4c05bdc19e4183a40a79
household_foley_owlishmedia/Drink/Drink_05.wav	171618	.wav	e2f455d9bfd61dbfd596dd7939d5579c01f3f238ea4f011c4dc7027d383831a3
household_foley_owlishmedia/Drink/Drink_06.wav	89778	.wav	be24bd400f5903cde09f089c0fb2973bcf56f73eb1236390f81607d05e3e184c
household_foley_owlishmedia/Keys, Locks, Door/Key_Lock_Door_01.wav	243110	.wav	098d00249a98c300b219d5c865ca9b26cb794a4cabd5f89c175c479cd52a043e
household_foley_owlishmedia/Keys, Locks, Door/Key_Lock_Door_02.wav	94758	.wav	cb98b72a1a6f139697d81d7e01b3f321d307594876d04e0496a79c68abb2c57c
household_foley_owlishmedia/Keys, Locks, Door/Key_Lock_Door_03.wav	96802	.wav	0b3857eccfac4fecc78634eedd47f30c5102c36aa12f39bb34b551264295fdb5
household_foley_owlishmedia/Keys, Locks, Door/Key_Lock_Door_04.wav	63874	.wav	c6427538b2f1d52d6aa2a0d1b138edd32d23962a4faf605722923a07cba08db5
household_foley_owlishmedia/Keys, Locks, Door/Key_Lock_Door_05.wav	97176	.wav	22a69808a0c6efe580ccc0833b387b32089a21ed71abcaf0825efdbdbe5ef8cc
household_foley_owlishmedia/Keys, Locks, Door/Key_Lock_Door_06.wav	69242	.wav	7fad91cc2ec605d0fa7dd1fd8c38ef75c1c0fa81c9c31de382138b91356fc982
household_foley_owlishmedia/Keys, Locks, Door/Key_Lock_Door_07.wav	115786	.wav	4502c7467e38aee8f715705f22594380abb9a7209975b99d791f46be98ab1aba
household_foley_owlishmedia/Keys, Locks, Door/Key_Lock_Door_08.wav	117648	.wav	3b12ba25c08d61b6c277271b7bb2868e6d9caad39e2e7d51d1cf5e639148bd8d
household_foley_owlishmedia/Keys, Locks, Door/Key_Lock_Door_09.wav	114856	.wav	5d773813f1e74a3ca047678da69c7b6d58a4f290ad6da0fe0118737cd6b627c1
household_foley_owlishmedia/Keys, Locks, Door/Key_Lock_Door_10.wav	112064	.wav	55a2b323f75ce58351d4a340b5b47e48fa72c7a4201261fa3910f71cc33af67c
household_foley_owlishmedia/Keys, Locks, Door/Key_Lock_Door_11.wav	64604	.wav	a9f53831f0ab3847be2a7c25cad6ac9f83a7b22260f52899519cc42cf33cbc8a
household_foley_owlishmedia/Keys, Locks, Door/Key_Lock_Door_12.wav	115786	.wav	d10d90b32928bd578ff7c12c629e1adc0e2ee3c7af1356da7c9c16779ef4c82c
household_foley_owlishmedia/Keys, Locks, Door/Key_Lock_Door_13.wav	79494	.wav	cd09dccd74502b6376e9090a36f8c4ce3806195afbffbdbe1059600e182fde3e
household_foley_owlishmedia/Keys, Locks, Door/Key_Lock_Door_14.wav	175344	.wav	e0e12b74734401987ce622b25d32d72aaaf726cebd673484cd53fd66ec5adacd
household_foley_owlishmedia/Keys, Locks, Door/Key_Lock_Door_15.wav	162316	.wav	741d085a39e31b55709c7d89e18adde6e23391a7fe009f9275cc2bf87f2aa2d3
household_foley_owlishmedia/Keys, Locks, Door/Key_Lock_Door_16.wav	76702	.wav	94132d26bfa51b1da0019c993f6dccc81371ad708d3e32a585d2bb133f42d14f
household_foley_owlishmedia/Keys, Locks, Door/Key_Lock_Door_17.wav	122300	.wav	b5d21d80eb06a345eb874f2ce18e4a67965fc04253294445164fce8ed3139033
household_foley_owlishmedia/Keys, Locks, Door/Key_Lock_Door_18.wav	84148	.wav	9a2573efa37edf058e5567b8d5541fe8ab37a2f412e8da83f255e1329c8084c4
household_foley_owlishmedia/Keys, Locks, Door/Key_Lock_Door_19.wav	207916	.wav	379774176800bd414cf660813af01f2a23fbd84b9c55162095d793d42025cd96
household_foley_owlishmedia/Keys, Locks, Door/Key_Lock_Door_20.wav	140914	.wav	df80ee0f6d3ae49f7f957a7b84c467396cdf47a9361b04856c0723a6ba74d480
household_foley_owlishmedia/Keys, Locks, Door/Key_Lock_Door_21.wav	112064	.wav	eebad16da91bdc83546362fdfe1a3a60bb8a4d2dec933256aa1a564d212d37c6
household_foley_owlishmedia/Keys, Locks, Door/Key_Lock_Door_22.wav	90660	.wav	98a5ea71100b52adef2ab29f413fbc2f4dafc53953eebb038f39ec5399ec1f3c
household_foley_owlishmedia/Keys, Locks, Door/Key_Lock_Door_23.wav	76700	.wav	80a7e8e0e23be8b2040981a2a00369f1b0e345f8038bb496162d382db7478639
household_foley_owlishmedia/Keys, Locks, Door/Key_Lock_Door_24.wav	316796	.wav	308722952b7d87a3962f6f63f38fdae203fcba73987e60b1a1b9766c1311d69e
household_foley_owlishmedia/Keys, Locks, Door/Key_Lock_Door_25.wav	77632	.wav	2070fb394242a7caf7888a76c47c7bc354f146f03fa1ca6f1df5ee48b88a8d45
household_foley_owlishmedia/Keys, Locks, Door/Key_Lock_Door_26.wav	101828	.wav	8c1a930c20e28f79b6a46983eff85b093a62f355d4045c2c64f2f5eaf175692f
household_foley_owlishmedia/Keys, Locks, Door/Key_Lock_Door_27.wav	211066	.wav	9fb012ee6b846cf199c500592826b926d8b90c50900d1be7053b0d297e2eda9a
household_foley_owlishmedia/Keys, Locks, Door/Key_Lock_Door_28.wav	206986	.wav	c2f71e5a901fc962a7d1e08a44d3930d15881424b1c0c7b34fd6fd67eee49372
household_foley_owlishmedia/Keys, Locks, Door/Key_Lock_Door_29.wav	133468	.wav	9d7b4ef0e0cb8066bc623b0599b3c009a7ab24d8add73a562b79e212e416af03
household_foley_owlishmedia/Keys, Locks, Door/Key_Lock_Door_30.wav	32964	.wav	b5661a631d77d2ccda85739c4537c88dd972d6f7bc95749e45db883bd32c0653
household_foley_owlishmedia/Keys, Locks, Door/Key_Lock_Door_31.wav	89730	.wav	efbec38bb1b9a77d04c2ed905cc7821df21b82006292119f535a22d0ab47e6dc
household_foley_owlishmedia/Keys, Locks, Door/Key_Lock_Door_32.wav	55298	.wav	535cca40188bab53d68cffc0414bdc22505e3fcc1503b2ab49862e1295ee3aa9
household_foley_owlishmedia/Keys, Locks, Door/Key_Lock_Door_33.wav	105550	.wav	9880d6e368a43b9490edbfbb3b23c39fa7b4a4af0a3c6c8e4fd5d46169a2bfac
household_foley_owlishmedia/Keys, Locks, Door/Key_Lock_Door_34.wav	72048	.wav	879e13e0845e23247d75bccfa18dd8845f1be97b2cae92a78a58f51dbb19f0bb
household_foley_owlishmedia/Keys, Locks, Door/Key_Lock_Door_35.wav	65536	.wav	56f27e212b358b527b7c6ea31d3cbfea4d4bdfd4aebba97f2521c5e0f356b22e
household_foley_owlishmedia/Keys, Locks, Door/Key_Lock_Door_36.wav	79494	.wav	dd37668ba27ea437c87784fca2ebbbb38316d7edd762966e37950c9057ff418e
household_foley_owlishmedia/Keys, Locks, Door/Key_Lock_Door_37.wav	134400	.wav	55785f00a995955f8f3794596f3926cb3bc06f122ad1cecd818651b4319a2fae
household_foley_owlishmedia/Keys, Locks, Door/Key_Lock_Door_38.wav	101828	.wav	3e10f2dc1544d493a616f8e623eb3fab90939d485235e7a86e85ecc0fa04d933
household_foley_owlishmedia/Keys, Locks, Door/Key_Lock_Door_39.wav	49716	.wav	dfa8146abba4218538eea56377f64287df451070bfaab5affa3480ef5e2b320c
household_foley_owlishmedia/Keys, Locks, Door/Key_Lock_Door_40.wav	101828	.wav	92c1edf86779c33a81c43d9c5d803ce590eef405b586fef00db130060a1c04eb
household_foley_owlishmedia/Keys, Locks, Door/Key_Lock_Door_41.wav	134398	.wav	40ac933404fb61a8154e6669cb8af3d90cfe0ae74bbc27e9216c12213389ab21
household_foley_owlishmedia/Keys, Locks, Door/Key_Lock_Door_42.wav	152704	.wav	7db9bcbaf9f9076333bb55bd0fbc8534de3dcfb2ae30693b7678563047644f2d
household_foley_owlishmedia/Keys, Locks, Door/Key_Lock_Door_43.wav	82906	.wav	3eb3dc3e2e78ec02553bab49682f41de57510bdd92c85a92bb1f23969cc1ae02
household_foley_owlishmedia/Keys, Locks, Door/Key_Lock_Door_44.wav	494330	.wav	9bf6ccdbce1263e7632a159bec97436b33c5e1da5acaaf8c1af8b8fe1ff89ade
household_foley_owlishmedia/Keys, Locks, Door/Key_Lock_Door_45.wav	185822	.wav	b937878ebd1d82f3bbaa47657c78559d2cec8fce000b7bf0f468dc8345342e55
household_foley_owlishmedia/Keys, Locks, Door/Key_Lock_Door_46.wav	823402	.wav	fb438f90e074a2090b3e355222ec6ab54d10f559ae1ad137ddf825e9f2059f42
household_foley_owlishmedia/Keys, Locks, Door/Key_Lock_Door_47.wav	159906	.wav	bcf697568e8b0c83e90366188e33f5f758a154ce609c41c27597b2adde97f85f
household_foley_owlishmedia/Keys, Locks, Door/Key_Lock_Door_48.wav	147466	.wav	da246fbcfb04c7004b1d8ed992cc6af1872273d2984de35249ee4f5b202a2db0
household_foley_owlishmedia/Keys, Locks, Door/Key_Lock_Door_49.wav	244914	.wav	e12bd865b20f473d2c102aa9f11ff572f5df7ef1adc8e9bc6999a784441491e7
household_foley_owlishmedia/Keys, Locks, Door/Key_Lock_Door_50.wav	72722	.wav	5e5e045c4b13a1983bc2ac090ae607fe045f0f36b4cfa1fbf61c7839c217c425
household_foley_owlishmedia/Keys, Locks, Door/Key_Lock_Door_51.wav	54248	.wav	02a8251e9ccc74a9c8f79e07080c13b6f3a0729ef983fccedc3a2b860ec97e8b
household_foley_owlishmedia/Kitchen/Kitchen_01.wav	72322	.wav	21e6a4d934f9ef9edfd244cf55fe502b401e3034baf15271cdc769c4625ce6f8
household_foley_owlishmedia/Kitchen/Kitchen_02.wav	51206	.wav	41eb70d2af08c088b9859a30fbe8c43593c48dc4ee8dd9330fb39d79300d7708
household_foley_owlishmedia/Kitchen/Kitchen_03.wav	45982	.wav	ab6f31cee7e053e48c1854c5e5edeadc95b2cf35f8efc5d5545e4bed009017d9
household_foley_owlishmedia/Kitchen/Kitchen_04.wav	149580	.wav	a0abe046c633fac436f8078bddd2ade9a12280e9f38fa22b23cc6ac15772686a
household_foley_owlishmedia/Kitchen/Kitchen_05.wav	75570	.wav	c2d599c7e2f93860a770a3bd1f40eefb785496d73b08098e3b7d21e984adcb21
household_foley_owlishmedia/Kitchen/Kitchen_06.wav	128444	.wav	7a6ec525a47d017d55c9a3e15d59b3c8860d2bf51dccc54a0c000e9bed88d626
household_foley_owlishmedia/Kitchen/Kitchen_07.wav	187046	.wav	83794d408c49a94a2124df5ecb1e4b20d0f6fee74d5e358e0ac7755171e62a07
household_foley_owlishmedia/Kitchen/Kitchen_08.wav	147002	.wav	e29a5786ba47aec616c83310d22133a41970a80e3fa2205cedeca3ae4be6d7b5
household_foley_owlishmedia/Kitchen/Kitchen_09.wav	90990	.wav	27f04987067adc54ac946782616bce9922313a9a5cb0ab2a2f25915120a0dab4
household_foley_owlishmedia/Kitchen/Kitchen_10.wav	90856	.wav	25f42b6b30d9d8713776bc58192b3bad5da9044e391e2fc8ec9c9c9917e8b8b2
household_foley_owlishmedia/Kitchen/Kitchen_11.wav	140618	.wav	5e6f4a6a6372f46830ff564b11775729f47d8fa407865513286fea7ebce9e94e
household_foley_owlishmedia/Kitchen/Kitchen_12.wav	113900	.wav	b2a016c206608ec722c53c1ebca51556c85c88122e8b55db63a4aef0604088d6
household_foley_owlishmedia/Kitchen/Kitchen_13.wav	74292	.wav	f5b2751545e0d7586027f346430c93ec81241d6895f3e1949dafab00b7f6b135
household_foley_owlishmedia/Kitchen/Kitchen_14.wav	74840	.wav	5d68aabc7610726ad2e6c5f7ccd49bd0c3438a725f82e132beab422cf1eeb026
household_foley_owlishmedia/Kitchen/Kitchen_15.wav	187672	.wav	5b1c892730dfc3763a257300a1792e52f3a6aac1ef6f92a456fa60b54af59436
household_foley_owlishmedia/Kitchen/Kitchen_16.wav	215048	.wav	96cb1e14994d7155568061d668af2ea6168dcc2f7ef7b939d77b0f93233c795a
household_foley_owlishmedia/Kitchen/Kitchen_17.wav	95284	.wav	e9527ba212ab7c7da175bbe6b434b20ff318923d6886804083ed920d9ee8df49
household_foley_owlishmedia/Kitchen/Kitchen_18.wav	84818	.wav	356a3942a4f1fddec1d1cc6f6dcc90d138c7a164b7982713a2a03a08c085b613
household_foley_owlishmedia/Kitchen/Kitchen_19.wav	101292	.wav	7d83f7ca41b3e039a967b3bacb57fff70511c49671a932b395683ddec861bdf9
household_foley_owlishmedia/Kitchen/Kitchen_20.wav	130424	.wav	238f11e22ee756853a28bcb86bc8ee9a75ceb4eeb72267a6c5963c8ed462a88a
household_foley_owlishmedia/Kitchen/Kitchen_21.wav	94550	.wav	cdd25fee5bd3b67bba241d72c9fd5a9235016938df39da3b2c3527c28e7daefc
household_foley_owlishmedia/Kitchen/Kitchen_22.wav	82940	.wav	c062afc293314cfa389ac68d065a954430aeaffc841eb784eab08e8f85b9cea7
household_foley_owlishmedia/Kitchen/Kitchen_23.wav	201104	.wav	c67f813f962d89ce407f78dbfd9c52ffa69a9744b600b576dc936e0f8d5d6852
household_foley_owlishmedia/Kitchen/Kitchen_24.wav	153486	.wav	532d2af412d359c7626854488872442fab9f2b88655e40d343e4a0738c6dc296
household_foley_owlishmedia/Misc/Fidget_Spinner1.wav	661296	.wav	0d4bafad9b02ab1a042d73b906977473d26dbdc0a291fd7e57eda2a928dea102
household_foley_owlishmedia/Misc/Fidget_Spinner2.wav	2282974	.wav	01a824c0db6ba67f03ec92f4de893255019f2ca16ccfd5843608a583834c2416
household_foley_owlishmedia/Misc/Nasal_Spray.wav	42128	.wav	66be5e8fd48a227c13fd1670e08d5e6bff46e49e6fa092c54c77de39478ba1e1
household_foley_owlishmedia/Money/Money_01.wav	79858	.wav	37f0c09ba4baf7cdfabebf76ab56a8f78ac075e31e30ac4fc6ab7a2c41cc42ce
household_foley_owlishmedia/Money/Money_02.wav	32914	.wav	aab828d62ab12b51d972af81a40a48b871f7589739c909b00aed4f4f21b5389d
household_foley_owlishmedia/Money/Money_03.wav	65376	.wav	68d42c9c3ab791f4a49dc28afe6e114bb165d767152904933835f390ebd009d8
household_foley_owlishmedia/Money/Money_04.wav	57224	.wav	2b2f26814990562a03e8b17c874ad737b8699ac9977f74b23328ae5eb54d8cac
household_foley_owlishmedia/Money/Money_05.wav	42168	.wav	2f7d31bf619174e959b5511a9971c0c65c0f80e191e6ef04ba57b9a298c06bc7
household_foley_owlishmedia/Money/Money_06.wav	57986	.wav	4d36852fe04b319c14e7c3857093b173c8fef5d95e1a198f85dd753dd6951ce2
household_foley_owlishmedia/Money/Money_07.wav	31928	.wav	735ea4318e2315d00f932ed04d3474ebc3c977e3af729c69ae4f868c8b1d2400
household_foley_owlishmedia/Money/Money_08.wav	33640	.wav	b192ef0ed35f4224c0ec946574346c066fb7f0db994bb3312a9cd455dc23a066
household_foley_owlishmedia/Money/Money_09.wav	31110	.wav	652c14e32caccd198b16844d88b0849b5efa8916c852ccef4c7288613f429e10
household_foley_owlishmedia/Money/Money_10.wav	45400	.wav	bb4b8c5c65f63ffab46dd45e9de5012bbed5843f44c672d711a5823b8904a3a5
household_foley_owlishmedia/Money/Money_11.wav	58810	.wav	6c19da8e8ef253c9003a8264d3ddbc4eb8b117197d1185a13c7eb4c1abfb2441
household_foley_owlishmedia/Money/Money_12.wav	24778	.wav	52fe90ad95a4377b9c2c00d4e84260118660ca1f11f6d8a6ad972d16c018acdb
household_foley_owlishmedia/Money/Money_13.wav	33896	.wav	9e5df9ccdfd2d3f3bc2db675161c7a93cf1550849d4347c69ef5c30fb6b4875e
household_foley_owlishmedia/Money/Money_14.wav	37016	.wav	66f01d28e499722dc73acaa75e778bebf6dbf5bb3096e4a026cd78511852ed41
household_foley_owlishmedia/Money/Money_15.wav	36816	.wav	eda1b9d5fbb9231b5401db03a72ee5a4c7677af7c68ece281912ff308ae9b4e5
household_foley_owlishmedia/Money/Money_16.wav	118904	.wav	73b6de8bc531b109c228f482811c7c2d8950e93d9ad90779235c8d930dd2cb73
household_foley_owlishmedia/Money/Money_17.wav	56244	.wav	4235e10e8abaf36f93e6d8e29a8c56f7c79da17cd7f6f60f52dbe2e27d2f9747
household_foley_owlishmedia/Money/Money_18.wav	106726	.wav	57f432b77b1c066942d940ba1d5d81a97a07e93c98c02351404b3dcf2f938d82
household_foley_owlishmedia/Money/Money_19.wav	55080	.wav	4a523b1be104d91576b503b5b7d58ba27eb27435a89718e160e122d5c67f2926
household_foley_owlishmedia/Money/Money_20.wav	58118	.wav	d4d54a5d5821077c98117cbbdd23d8d34b0f44472a1b03d98d7d4ccaceab8ba2
household_foley_owlishmedia/Money/Money_21.wav	53794	.wav	0e3caf64ae204a4232cf5373cf158a7a2331d341f674259aeb5a40229f153509
household_foley_owlishmedia/Money/Money_22.wav	48620	.wav	d9bdd522533c3c9c21d1ae5211df8d88c9d1ebad37ffb61d2ad67297a2251459
household_foley_owlishmedia/Money/Money_23.wav	42922	.wav	3a6f28198425394704bea523024a10943461eb21a7d2e8ad10148eee3eaa2e58
household_foley_owlishmedia/Money/Money_24.wav	53370	.wav	a84df2b68a61f218ecbac70d6577a6fa977b000e9a60174e630d5dd338e41508
household_foley_owlishmedia/Money/Money_25.wav	36748	.wav	92c93a10b525922d480fab527e80788a2df7b0cf714441135f7e6df4e6b813d6
household_foley_owlishmedia/Money/Money_26.wav	48806	.wav	916cbf787941ebb39537b1278a406728fff36229e4364e82fe447eb4bf4d7e3a
household_foley_owlishmedia/Money/Money_27.wav	41022	.wav	a039a1485cd5d32f6b28ec8d46eabe1d136c9481a3c4d2c40d5cb4b9315da4b5
household_foley_owlishmedia/Money/Money_28.wav	46722	.wav	e204ac09fe72953a1035a5c4ed5e3034d87e050f54f7183b4d25064a72f38b0e
household_foley_owlishmedia/Money/Money_29.wav	40992	.wav	84a70434913fd43040f1eb66885557cf67c9cd25b0a20296908640b1a35b935d
household_foley_owlishmedia/Money/Money_30.wav	46684	.wav	8f3af229f5173bf4c3a0eb8415ae6af6657d932bf9f6a3da17b1aa0e34483f34
household_foley_owlishmedia/Money/Money_31.wav	91264	.wav	fc1b9c4f0723a40ec5bc053c175900994bf68579de43d2ead9acaa87bb789235
household_foley_owlishmedia/Money/Money_32.wav	101364	.wav	99730fceea3ecc25f1f24929c9e7198dbf6cf6b9e937f7667e5c3b460197c575
household_foley_owlishmedia/Money/Money_33.wav	60018	.wav	2a76acdba77fd75ccea2bcb6fbe1ff2c90da7d9223cedbfc3c7a7348a2912e23
household_foley_owlishmedia/Money/Money_34.wav	38896	.wav	4063089e1e62f3030df82a0b470092aeb433be2daf61d6edc9fbf582ea4a3eef
household_foley_owlishmedia/Money/Money_35.wav	100858	.wav	3bc48e2e627b855be53b0948d6b017dd13d69c9b01e837615327c1940a310d6a
household_foley_owlishmedia/Money/Money_36.wav	135958	.wav	9dabd0b38bc12d517f600b9c44077a3b0d80e06cdfa7af5f43c845618d29188b
household_foley_owlishmedia/Money/Money_37.wav	171140	.wav	791ebdcaab7ea0ff2acf7766820e8ae06e6129965274a8a2d06d50d0a908b623
household_foley_owlishmedia/Money/Money_38.wav	95160	.wav	020a7c2fbda02b35a599c61412f6389b70b3581f8210e4227cb8da9ac1d44e0f
household_foley_owlishmedia/Paper & Stationery/Stationery_01.wav	83168	.wav	c9665c85a609aa97400c6f938a82846bcb1b54aa759d860ed9846c2535f2edd7
household_foley_owlishmedia/Paper & Stationery/Stationery_02.wav	138810	.wav	e81f54bed778f1379a93d0e3569ba9f9aec80c8f313500f23da65b673d04ce50
household_foley_owlishmedia/Paper & Stationery/Stationery_03.wav	74720	.wav	b288fea9db72c95fac9cd395f178605be3aae58113aa645ebc70c0418940ce5d
household_foley_owlishmedia/Paper & Stationery/Stationery_04.wav	78644	.wav	52e84a6c67e102ecb2e78423e05a28d7b7ce8dda9bbcc93027886d86e783894f
household_foley_owlishmedia/Paper & Stationery/Stationery_05.wav	76458	.wav	57919282606e3ec034245a86708a078de3b415bf5807cedc9283cfbaeb287e6d
household_foley_owlishmedia/Paper & Stationery/Stationery_06.wav	126320	.wav	ec82e73448916014ccd0a8838c82f8a83b2a30436644e87618dc700df3b26ee4
household_foley_owlishmedia/Paper & Stationery/Stationery_07.wav	140116	.wav	ef2647186f279bf0bd8dab1805c77393dc05d86b2ddd098c7eabe9b2fba5fcbc
household_foley_owlishmedia/Paper & Stationery/Stationery_08.wav	100632	.wav	7a1654b01d6548da3ebc578883010056503b9841971151310c86fb80aab882b8
household_foley_owlishmedia/Paper & Stationery/Stationery_09.wav	123114	.wav	8c3c4e4d9a3a227d3b5915a6c2380f64181327262faf027b20a0c1959909dceb
household_foley_owlishmedia/Paper & Stationery/Stationery_10.wav	52000	.wav	ec41d3c94ff843c59b230963bb012ea54d6e9711b3f66495ce48f96f1adc7e41
household_foley_owlishmedia/Paper & Stationery/Stationery_11.wav	76130	.wav	59cfe0a76b3e2ff949b75b7fdeae072acbe1dda9bcf85a47270d8d11521f9f9a
household_foley_owlishmedia/Paper & Stationery/Stationery_12.wav	73412	.wav	f03b2a7b22407fa4b46907a66b55f6822d345b2015a9c2c486bcba540be035d6
household_foley_owlishmedia/Paper & Stationery/Stationery_13.wav	155812	.wav	5a3050256b4beb91276bbd545278585cc366fe8bf5ebbb811204889cc346c746
household_foley_owlishmedia/Paper & Stationery/Stationery_14.wav	87800	.wav	e39ff7ccb01ada5c8097679c9dc94850d8d12e2273d5c9217aa929c96b6df0f3
household_foley_owlishmedia/Paper & Stationery/Stationery_15.wav	65300	.wav	88c853ed8659729b4fb547bb56d39f36a6b32c44af42dc277c8f8b63b411bec4
household_foley_owlishmedia/Paper & Stationery/Stationery_16.wav	32446	.wav	79861eae0786c6984a202106a6c9152b933c02ca74eaaf2212c7133b296cd163
household_foley_owlishmedia/Paper & Stationery/Stationery_17.wav	32802	.wav	1c4b45047551de350ce1c098e6faface720de30ec8b4922ff14cf6b0a24c3462
household_foley_owlishmedia/Paper & Stationery/Stationery_18.wav	58824	.wav	d39a19be8a17fd93698c2e203f8d4ec6043499a95e585d4cf05d1b23e185ccb6
household_foley_owlishmedia/Paper & Stationery/Stationery_19.wav	30248	.wav	cab9d49baf06cea7a9a87acceff6521aaefcad87fc73bd35636a7b1ceb4777e8
household_foley_owlishmedia/Paper & Stationery/Stationery_20.wav	60112	.wav	8618631bdc6a57c0dfe34aad4b4782276aeeda0c1cc6c9ecb404e19786900389
household_foley_owlishmedia/Paper & Stationery/Stationery_21.wav	97396	.wav	b24b2d9db2f0a60191e46531db3c996113a0ab45aefe5ebf5f42b6e47ee69b3c
household_foley_owlishmedia/Paper & Stationery/Stationery_22.wav	132272	.wav	9264df60e2d05b96293390f87fd4388c2fc75da50847a6ce609c83061b185b38
household_foley_owlishmedia/Paper & Stationery/Stationery_23.wav	22808	.wav	df0dc875c9e97b0ff24b5bce5b51933ad923e55eaae508cc4b29e87729781eb4
household_foley_owlishmedia/Paper & Stationery/Stationery_24.wav	44048	.wav	a6885df0ecb9e85c787147394ee386529db8811768f7db0aaaa943b11a5296a7
household_foley_owlishmedia/Paper & Stationery/Stationery_25.wav	78502	.wav	9e2d8353ce9b57c95ebd126ba54d1d3aedb46e252868ad899e6ab1502d1c95c9
household_foley_owlishmedia/Paper & Stationery/Stationery_26.wav	132382	.wav	366c1f9ccdd8708692ef6aabf4e41f5291aa2c8e983378215bafed55913ec594
household_foley_owlishmedia/Paper & Stationery/Stationery_27.wav	51214	.wav	1239cc8a2e726a3fb12c3a53281b8ed75a5815cb246c75720328230e6dd49e2d
household_foley_owlishmedia/Paper & Stationery/Stationery_28.wav	95996	.wav	2cf78695e18c45a36766d7e9aa7391e458328ffa1e2b024a735ad4a202871ffa
household_foley_owlishmedia/Paper & Stationery/Stationery_29.wav	100196	.wav	69b5d239c57b87054bd8eafd252ad09f2af662274ce00d7e9fdee4b3198caa3f
household_foley_owlishmedia/Paper & Stationery/Stationery_30.wav	36160	.wav	22e175041a9570d724953078b03a87261184b2a57dcb71b23ede93a7f6390e1c
household_foley_owlishmedia/Paper & Stationery/Stationery_31.wav	76980	.wav	f9ad7f2088b8fff3f3bdafc8998537b543782136e4de48aa64e2761740fdaa3c
household_foley_owlishmedia/Paper & Stationery/Stationery_32.wav	115588	.wav	235f595f4a0b46c3d70f36b588c65cb348086697dbabb6abfaf5d1b4db483630
household_foley_owlishmedia/Paper & Stationery/Stationery_33.wav	40100	.wav	05cb5e530239927655ad72e29fd71fd7f65141d78378fe62a7f8d0609162b234
household_foley_owlishmedia/Paper & Stationery/Stationery_34.wav	56174	.wav	c033674153c14cafa58439e5df0dd7db2329151c08afd3f014ad11f29641e884
household_foley_owlishmedia/Paper & Stationery/Stationery_35.wav	47078	.wav	0844a9f2181e6b7c9559054446bf48184c39d60913970f8ca2bfffeab87fed54
household_foley_owlishmedia/Paper & Stationery/Stationery_36.wav	64658	.wav	88d2a37db6efba9a2a9a5f50926c1926004bf6e21656774930670bcb0ebd8cca
household_foley_owlishmedia/Paper & Stationery/Stationery_37.wav	100022	.wav	7f856f713c28fce265fb231fcbe2b2fcdd38c69aad62f5f4a6087753fdbd8043
household_foley_owlishmedia/Paper & Stationery/Stationery_38.wav	90200	.wav	eccf0fe09abbd28305878262da15236c005170dc5a85a9ff9e928ccc8d38bf49
household_foley_owlishmedia/Paper & Stationery/Stationery_39.wav	47958	.wav	4965da24098d4d51611188d10605d09fb226a6057ac81675012655258d91ad13
household_foley_owlishmedia/Paper & Stationery/Stationery_40.wav	148492	.wav	9b77893c7622353f2e64a31d5469d7e990f2ff0b0118163b3c64e135929e7fba
household_foley_owlishmedia/Paper & Stationery/Stationery_41.wav	77132	.wav	c83e09d905ad5de13450dbce594c90db4b5520066a4134b4650d71e4a986547a
household_foley_owlishmedia/Paper & Stationery/Stationery_42.wav	64064	.wav	8105cc3144a8b768202bfa150027046373c1b7d9a076caa19e9a7ce38719a21e
household_foley_owlishmedia/Paper & Stationery/Stationery_43.wav	31992	.wav	b6830e35d0e5f99b002dbf0d95b8a7fb9f299a95688f36ce74f257f87210667c
household_foley_owlishmedia/Paper & Stationery/Stationery_44.wav	363302	.wav	2e136d70a605f3fe4fde366ce24d6b3c9c257ec76e0f903f03b6ebed88eb07bd
household_foley_owlishmedia/Phone/Phone1.wav	115834	.wav	5c562a456a5ca41137731230fbd2d47f6303f228784c95460416dc2cf1104cb9
household_foley_owlishmedia/Phone/Phone2.wav	25574	.wav	fdf9ac0d5d43a2cc80d03ac8d252692ad9618e2ed536004f4cf8f44d7f5f523f
household_foley_owlishmedia/Phone/Phone3.wav	945326	.wav	d78ec817d3d9481a251d15f02cb474b5d18b67efc36f80ff5c71ad9e562e7672
household_foley_owlishmedia/Plastic/Plastic_01.wav	70226	.wav	a2d876e695712a2419d8aafe0362a45f88189c8aa85b0ce183bd47afb42ff235
household_foley_owlishmedia/Plastic/Plastic_02.wav	71078	.wav	552cf10283e206129e9921acef690570f815a09609b838c6759b53f1b91f8fda
household_foley_owlishmedia/Plastic/Plastic_03.wav	112660	.wav	fec346bc981117d4ab575bf0d51ce552adbadf06bd6e1d2f8cb4782bf933ec63
household_foley_owlishmedia/Plastic/Plastic_04.wav	108572	.wav	9d15f76ba28ede8f70f0c238ac9443b3768aaf1660cbef0db0b09d09478e3791
household_foley_owlishmedia/Plastic/Plastic_05.wav	47590	.wav	58e72929ff9977f11d4ec25a30bc39bff1f09705fc2d268b84fc19a2c3d0ad6d
household_foley_owlishmedia/Plastic/Plastic_06.wav	116886	.wav	f2526251e1aa8f295ff81dc63a17d644c09194dd7bde0f544756738954f2505f
household_foley_owlishmedia/Plastic/Plastic_07.wav	45742	.wav	df416d13cd68c4067977f3627edd44c62b99743c239dc55032e40ed128760651
household_foley_owlishmedia/Plastic/Plastic_08.wav	31880	.wav	5f153bfffefeeca3dc33448660c055cf1d277e04d184d04f976fde4d01dd821c
household_foley_owlishmedia/Plastic/Plastic_09.wav	48976	.wav	59c0f1c9b26988a588f5a6b993ad1422559290770e4b5666ae9f6e39144937f2
household_foley_owlishmedia/Plastic/Plastic_10.wav	67916	.wav	8f95871c242ba8b7ab078851ff485a60da12384ff6ca5a04b35049bf77b97313
household_foley_owlishmedia/Plastic/Plastic_11.wav	42508	.wav	91649498d0b4afa050e8529d8e661dca8674ef4b758fc245bfbd0bbdde0f6f83
household_foley_owlishmedia/Plastic/Plastic_12.wav	104874	.wav	ac5449a8c60c699457c5a93f0e2b170d5ae5c58480c6aa17c213c67248efa65b
household_foley_owlishmedia/Plastic/Plastic_13.wav	261998	.wav	6ab032de528caf8880a7b1d02246fc022ad5bd43adc5983bafe559902a059675
household_foley_owlishmedia/Plastic/Plastic_14.wav	630798	.wav	015c09a559a4ad68ac3f6b05ccde60ec4ddd3cc5dadc5d39082c04049173fe1e
household_foley_owlishmedia/Plastic/Plastic_15.wav	286622	.wav	e92edcb7f43af1d4764e19b126cd67af01b37e67599c7019dbcf13fddec3631c
household_foley_owlishmedia/Plastic/Plastic_16.wav	221682	.wav	6ab1f598bdabd7c4b6af8fe387213c0c0630452c355a75928af0beffed9e9c57
household_foley_owlishmedia/Plastic/Plastic_17.wav	142672	.wav	501b1e494eae93fcf0f59cc09fbae81e444f348db97ddcc2d6f26c9df8827620
household_foley_owlishmedia/Plastic/Plastic_18.wav	62580	.wav	5b10cce47f3e851c0c8391b3af3e55ac18e7518b52843af90fa328f5c85252ec
household_foley_owlishmedia/Plastic/Plastic_19.wav	154578	.wav	5f012bdcf9b47f22fa75b1d5603447fd6f0058ea314edf0de7b538cd9e1baeda
household_foley_owlishmedia/Plastic/Plastic_20.wav	111284	.wav	ad3d3c794ea38f78ad262a0a70db10cbb7d6d9dabfe7fd0fd91ceb6112174468
household_foley_owlishmedia/Velcro/Velcro_01.wav	102580	.wav	dedf8b6e27dad9edbc0187428048cb247647c112eaa062a4954aac51f0f1b56d
household_foley_owlishmedia/Velcro/Velcro_02.wav	85540	.wav	a2626b3ce34cfcd36d31a7f54f84d9276009c489f09731204604a183f95ff593
household_foley_owlishmedia/Velcro/Velcro_03.wav	68882	.wav	fb6bdc433093719b085b99c43ca5042dd474a25f1e82f3bac50744f3dc8c0b15
rain_thunder_kindland/dark_rainy_night.ogg	6770906	.ogg	115c233f9f8bc793f12723030aaae6cfda923e565c32a8e54bb274b2a8199ee1
rpg_sfx_rubberduck/blade_01.ogg	15142	.ogg	caf7a7cb9b25cda4bd487c1d12d18b74a34bb18c816fd67277cf3c8d7ef32a3a
rpg_sfx_rubberduck/blade_02.ogg	17776	.ogg	c770afec8f62f14d3d082d5437c5cec28e2751d393df645ddd938eabc2588abd
rpg_sfx_rubberduck/blade_03.ogg	15184	.ogg	2cd9e6926f4602a4350e703eeae4df520053e290f358ab692632d651ad368a7c
rpg_sfx_rubberduck/book_01.ogg	34237	.ogg	39b2d652dc8de9d4100ae8a1d23364077fff39bf1c90009b0c0d72af8c47d0d4
rpg_sfx_rubberduck/book_02.ogg	36858	.ogg	a3f87cfd37a452231a05ceebf746ae2459849c2e20f7b244e4a9b7dbc1d9e76b
rpg_sfx_rubberduck/book_03.ogg	60390	.ogg	f72e4af8172ae98eaa350892072120e79eb87f91448b99aeaaf1febe070fbb2e
rpg_sfx_rubberduck/book_04.ogg	44092	.ogg	0696632485ed31406f22e97dd38e7f46826739c0ad792878969a44a6e38a260f
rpg_sfx_rubberduck/chain_01.ogg	23007	.ogg	d376caf0f61384b1d2e0b447f64f06be56d0ee0622ba70dd01cfdd78b3a10687
rpg_sfx_rubberduck/chain_02.ogg	18783	.ogg	dd3b753e54fd4e6ed94c36231d1950fafd681ff4a93462cfa3980099a6454ecb
rpg_sfx_rubberduck/chain_03.ogg	36494	.ogg	ae2247dc68aa85bca15d87355353b5858441644b6a65172e9659f4d0819b42d6
rpg_sfx_rubberduck/creature_die_01.ogg	15883	.ogg	b34a816a401c5d80c77a61dabbedef7d1918a01320bbb67286c70f22db4acd43
rpg_sfx_rubberduck/creature_hurt_01.ogg	17185	.ogg	9948f9ce067e1aae7bd780e974d51ceae03f2611a52afffb0e092ba47e9dc8e1
rpg_sfx_rubberduck/creature_hurt_02.ogg	20959	.ogg	a4ea983e62ace874754c51d78239bd8b6532227119bd511c38fa827b2ccbca70
rpg_sfx_rubberduck/creature_misc_01.ogg	16406	.ogg	62cbd7cc9b898932d15d05d62dc262dafb3381123ec778c4cf0e65f6ea341088
rpg_sfx_rubberduck/creature_misc_02.ogg	7729	.ogg	cbaafa1a24ac04f803b3cdabcd13e6e1b1e64f36e53cc200da426cef7d33a20b
rpg_sfx_rubberduck/creature_misc_03.ogg	29846	.ogg	f12261611d2a93ecb38555a3a1297ef2d0db2e669c9bce1f451d53c1e7c31b35
rpg_sfx_rubberduck/creature_misc_04.ogg	24456	.ogg	43108cdb25a82a156b2b3be9da8bb2688536d78b70d8e01fbcf9a3ec7e29d5f8
rpg_sfx_rubberduck/creature_misc_05.ogg	15804	.ogg	09cdd7df30a0f3918cb8a3ce86b999d260c7f289c2049122b550cab65bf9fa9c
rpg_sfx_rubberduck/creature_misc_06.ogg	23008	.ogg	a304bbc2628cb2cfed87be7666c758f9c47746a72d45fe1a75de9c748b790614
rpg_sfx_rubberduck/creature_misc_07.ogg	15789	.ogg	2b3ba62c004befe88418ef3286bceea9c6a59257fa6b75e7a010c2d4717141d6
rpg_sfx_rubberduck/creature_misc_08.ogg	16889	.ogg	86dfb9bb5bf12a1af301ad6ad76ef35e29401240a7f93e37ccfd811770438c4c
rpg_sfx_rubberduck/creature_monster_01.ogg	12446	.ogg	28d047e95058cecc3513eb831d14072318526fcb9207d8a50aad0f666e17893a
rpg_sfx_rubberduck/creature_monster_02.ogg	16920	.ogg	2892a32ddfc8d0fc3896f6487adf5a2eb6f3f5766fa02151bddd55e18f218f2f
rpg_sfx_rubberduck/creature_monster_03.ogg	21818	.ogg	b13abf8c710750bb3699ae61b450fc7c12e92cb9c180581b0f1a681f7f692c8b
rpg_sfx_rubberduck/creature_monster_04.ogg	19153	.ogg	b78ef6dd16f74c7627c4d58c73ad60465b7729bff2cca6bbe3aa84db24bed448
rpg_sfx_rubberduck/creature_roar_01.ogg	15061	.ogg	ca1b9198490f29037e6e6487dd6db6165ca8b2583a445c0edd6b9f474d2d1f5f
rpg_sfx_rubberduck/creature_roar_02.ogg	22480	.ogg	4da0cf77a3506e1b573ec40e3688dc66400d1734853510db357fb3f843cde242
rpg_sfx_rubberduck/creature_roar_03.ogg	23375	.ogg	3571f6372012fdebb2a38ef89e18a6137b3f17d519f1259aafeb166dbdd94195
rpg_sfx_rubberduck/creature_slime_01.ogg	35353	.ogg	746d6ef073abfadd43fe184c50c6a2528350d4f566f2c0f54cd51ff0eb665118
rpg_sfx_rubberduck/creature_slime_02.ogg	35232	.ogg	8c26b66076752b712dad7be704a3e4e11d3a49847fbd804ba7f858024ff33c8d
rpg_sfx_rubberduck/creature_slime_03.ogg	27560	.ogg	0edd014144dbce5ff0386647c25e0c206ae3b382a16683240ab188bd926da8eb
rpg_sfx_rubberduck/creature_slime_04.ogg	35702	.ogg	720c15c73a7fae29a02a9cd3cb5b9940ae8213e4b50f8deb0c531796289290d9
rpg_sfx_rubberduck/item_coins_01.ogg	18985	.ogg	4e701b281a4f88768beccbe87af4574d13ac5a4bc5cab6c522f0e79823d6e428
rpg_sfx_rubberduck/item_coins_02.ogg	31942	.ogg	c1124868c928ef06e9b95fd9bd314eb3aa9a2869cbfde7f5aadcc341fe3edca0
rpg_sfx_rubberduck/item_coins_03.ogg	24878	.ogg	cd89cae2221ab5e911f93c208e8b905290f695eea3b1830bc9012cc46f6c047b
rpg_sfx_rubberduck/item_coins_04.ogg	70846	.ogg	122b633be3e61f35363b28e7ca5f11257d9d7f2759547ba1441cf541a3e5792b
rpg_sfx_rubberduck/item_gem_01.ogg	14690	.ogg	8a5d2964febb0c69cc4df2ee5257d173f2cae6960d9534df0001dbf356f27028
rpg_sfx_rubberduck/item_gem_02.ogg	9058	.ogg	a5f4b0b3ae0e272765619289ef6709513e0dfa0785d7559e8a223176a8bcf181
rpg_sfx_rubberduck/item_gem_03.ogg	11885	.ogg	7b29674b7c8fb0069814623d86fa56a3f370eedcde73d5ce1ecc7339be3a3cba
rpg_sfx_rubberduck/item_gem_04.ogg	28423	.ogg	e12eb95d0458675c2692831454ed09c7a680de966e7c705ce67a7e12560aa73a
rpg_sfx_rubberduck/item_misc_01.ogg	22242	.ogg	b1a884ddff3c77f1bb365c466fe6bff1507be82a910e10e56b6166dff0804387
rpg_sfx_rubberduck/item_misc_02.ogg	22460	.ogg	d6061d8cb295d2d01d9519c09f96e3e31898f2f919a9ab564c30694dfc10a98e
rpg_sfx_rubberduck/item_misc_03.ogg	19638	.ogg	6240b0727c7815dd4b039b4f5adf288e3cd76a7532eda38ef976f17d3bdec6e0
rpg_sfx_rubberduck/item_misc_04.ogg	13457	.ogg	560304098c339cc948845dcbff5db58abd4391316f1d697a79aad0f4e35c349c
rpg_sfx_rubberduck/item_misc_05.ogg	15531	.ogg	8cfab891c2867fa2177d18350107068a962b92045af72043e9bc0ea167b9c0db
rpg_sfx_rubberduck/item_misc_06.ogg	29391	.ogg	ff7ae8c4934e1b2d6f323b99dc9a5bc1f684b9ec050dc659a126676cb16c8140
rpg_sfx_rubberduck/item_stone_01.ogg	34170	.ogg	ca630a5d7420d031588b4f5f4e60273d5e6e30b71c6e5a34ec733fb10089b829
rpg_sfx_rubberduck/item_stone_02.ogg	15303	.ogg	bc9d36c83f44415b16411878f460a5005bea1ede42259daeb179f59d82a754b5
rpg_sfx_rubberduck/item_stone_03.ogg	24923	.ogg	91bc96742252fedcfed2b664f03336c33f6ffbc2039ba6fcaada32b9bb758da6
rpg_sfx_rubberduck/item_stone_04.ogg	17029	.ogg	bfd2516d62b68f9c0fa02ad2924065b4d7dadbb2fba04e229da774df75ea45b6
rpg_sfx_rubberduck/item_wood_01.ogg	22789	.ogg	86c961b9d266911d76e307486bee3c3a7734a200e2e59db10c59e5fc80181e45
rpg_sfx_rubberduck/item_wood_02.ogg	13988	.ogg	2de39fd5be0ab8a6089bad92847fa725b3afa2195a5f6220c9b4c5424777cefd
rpg_sfx_rubberduck/item_wood_03.ogg	18291	.ogg	a1f62c20ac2c294309966037fe66fbd5cddbee5df7ae6d6c29e4b2607a0db1e4
rpg_sfx_rubberduck/lock_01.ogg	17452	.ogg	e828ad2a936e34a0212f3309c5ac706c0ded412b9b383a87f10bcfa1d1445271
rpg_sfx_rubberduck/lock_02.ogg	15553	.ogg	e183464a4e28c1764c70e980465faaf6ea8c33c8ea4a2b636a3ae2c58e8740f5
rpg_sfx_rubberduck/lock_03.ogg	18168	.ogg	5fdb74f95dc42dfd06eb89c548c2ab6a3c008a3c9ce3badcdb0e51409e0a4f44
rpg_sfx_rubberduck/metal_01.ogg	25403	.ogg	433d7adf123f9de425047f6dec3f7b4da510c0fd0208d4893a22be8bd22d9e34
rpg_sfx_rubberduck/metal_02.ogg	26586	.ogg	30fcaab83dc3fff5335b78f87f9df305f6f8bd7316e2b46e2a4eaed85ee21768
rpg_sfx_rubberduck/metal_03.ogg	18753	.ogg	e780e2c2125161ed84fad0501af74bccc19ee9075dc9fac1d7d6f292ab3e81e2
rpg_sfx_rubberduck/misc_01.ogg	12521	.ogg	f42a9e60a9c92772906d535bea4077e6a816f88c134952f99a55061e05d59b8e
rpg_sfx_rubberduck/misc_02.ogg	19851	.ogg	5a17c4f8d8511fef5345ce5879b76795897c0f15a5b1898b62d719c488d1b546
rpg_sfx_rubberduck/misc_03.ogg	12875	.ogg	162d7838b1b268a2db410b2282c01bde8bc22a51b29df2d7168adc5e1bfa3bbd
rpg_sfx_rubberduck/spell_01.ogg	29121	.ogg	09821a53c418c5eeeac4fa25bada9d245e822fed302eeeae9ae4151522a45ae5
rpg_sfx_rubberduck/spell_02.ogg	25118	.ogg	bf9c48b76921e56aa266172d969a2c08215d6ce0ffae7c3584f23fa05d3f8bd4
rpg_sfx_rubberduck/spell_fire_01.ogg	39482	.ogg	02fa3a2c6e79e868e546802f45127c5cdda69aba6d5a24ac997ea66f81a816cb
rpg_sfx_rubberduck/spell_fire_02.ogg	33115	.ogg	bf1eef4993f0adb4bd3a1c1ec91f8f6e4ddeb32d922671a14561846d5b7cab98
rpg_sfx_rubberduck/spell_fire_03.ogg	71801	.ogg	2e4edee4ff8d7898198f1ab5213e086965e14a665cb947d53759505e28ddd3e4
rpg_sfx_rubberduck/spell_fire_04.ogg	59036	.ogg	64d653cd0cc6eb71bb45a1dfbba29eaa769ed5b663cce275082d6971e4f2ca8e
rpg_sfx_rubberduck/spell_fire_05.ogg	54658	.ogg	18025b21a4ecb3b41acc0dccb0697a8930262109ea198ff8c5ef0853d3ed1cfa
rpg_sfx_rubberduck/spell_fire_06.ogg	53074	.ogg	66fa753e8033d08f3837d6ef1706b0450297db68c0d4b21782a03fd9ae960d63
rpg_sfx_rubberduck/spell_fire_07.ogg	24862	.ogg	bb13cef9c0b0b4ec7f9335c356b14814c88418abd85dd3747cb62469e9ada93f
rpg_sfx_rubberduck/stones_01.ogg	27110	.ogg	d11ce95031c2c36ae2a00979620fa95a7a3f5c6d6f2ac86962ed292aa556be8d
rpg_sfx_rubberduck/stones_02.ogg	35982	.ogg	57dc6b85ee986e68ddc4b7fb2b41cc1c885151677d32439fdb299492a3103a65
rpg_sfx_rubberduck/stones_03.ogg	41046	.ogg	b86d143d7ef4974c2b97fda9e5d1861482646eec754e15935eeb3680ea0d71da
rpg_sfx_rubberduck/stones_04.ogg	20176	.ogg	66f1cef820f66d86414d481b37a48a7b7ea11f4a5d7358372ebcfb506af0e652
rpg_sfx_rubberduck/wood_01.ogg	13512	.ogg	55d4527a1f7d8e158eff0921f7a533340ab6be69a7b9b52fdac7a19b9d8e1cb2
rpg_sfx_rubberduck/wood_02.ogg	10311	.ogg	e64b95a1ec7675f28f8837ee4e4e81aa8e5b28e272159a0b3ed124fed037fc4f
rpg_sfx_rubberduck/wood_03.ogg	14089	.ogg	64bc25ac915ded78136ef36f71867b08ac462b9178f7db9b461dafaea0a27fdd
rpg_sfx_rubberduck/wood_04.ogg	20667	.ogg	bd5dc8469c4f1cb3abff35e2e01b541d4c97d58033f67dfe1c8e3b62ad5350ba
rpg_sfx_rubberduck/wood_05.ogg	14208	.ogg	767fbe18abd5c37ced7d9fa86b36862f9680abb79bb0acda448f70850675e7bf
water_splash_slime/bubble_01.ogg	30671	.ogg	1d03d72347019be889280efc6de5ca5ea439d0b24b235e6db87e5bf7583ecb2b
water_splash_slime/bubble_02.ogg	16017	.ogg	7992a1a4637ea727b177b3edbc086ec280167d67a8fad010bb8fb58893b2e2f2
water_splash_slime/bubble_03.ogg	34871	.ogg	6189106305ab917f1a260b66a74380ed7d6e5be0fb4f5eba3ac93aeb89d9b7ca
water_splash_slime/loop_bubbles_02.ogg	316960	.ogg	e1b572a7a0ed264313b1ed3e66c3ee9839bcc04fd0bea913ff68158208623166
water_splash_slime/loop_bubbles_1.ogg	187538	.ogg	5ae25a9734a05f60e57a1b1db2fa9afaddf972c1a2927c1e743e720fcdaaccfe
water_splash_slime/loop_rain.ogg	290435	.ogg	4e836ff06b7d88b97c17ec08f43c3678201bee1ec414bcb456252f784a7be4a4
water_splash_slime/loop_water_01.ogg	176039	.ogg	11ebdc63e0178f4de48167570e51a60a9ce968451ce60ff49a3c1faceabf1e0b
water_splash_slime/loop_water_02.ogg	269372	.ogg	2a39d9c6d3069e94f15b092f15bcfac7de54ca1bdc7c0b9a02b151bda6f3a29d
water_splash_slime/loop_water_03.ogg	172397	.ogg	39b165ed0b2eda87e8db6176d8c3f4c7eb791e009d83481a2b4d7483c725d818
water_splash_slime/slime_01.ogg	18630	.ogg	4273c9510b03c3cc6b2d901fbd20de62ff4f537e4077a368355039c3081099a1
water_splash_slime/slime_02.ogg	21187	.ogg	a4ba1530c081706cb7ce8a08702c3552437561c33b851fe46e97d3232574320c
water_splash_slime/slime_03.ogg	32308	.ogg	e78e0702ac671ae098537266cb6f9106d2402ed99b6554b1429327ec603c3dae
water_splash_slime/slime_04.ogg	19374	.ogg	56f914928bf8f81662a1c4f354ef690600abd5172bb1cf259f55cb38ed7e4a1d
water_splash_slime/slime_05.ogg	21790	.ogg	6127939fac0319d821e13c54c14b6ccb16544f5ac1c5e4057ea6e75fc308f70f
water_splash_slime/slime_06.ogg	24107	.ogg	4b01dbfa60ed6d134680023fe61911f91a04e0739c991d45338b004c4f230b6d
water_splash_slime/slime_07.ogg	22392	.ogg	c9b1cfeaed0b9d65a04a67cac302861bd6ee750a054b55f0a6b9ac4ddb0ada36
water_splash_slime/slime_08.ogg	29924	.ogg	d658b872438737d4bfd0b3b7c1b325f94a4467796266e02ff6f79cf8f3001666
water_splash_slime/slime_09.ogg	32747	.ogg	a3e04bf955878cc5316e9c480739504ee6fb2f7a3a94aba8ca4efa1c4b74fb3c
water_splash_slime/slime_10.ogg	27324	.ogg	162ef7a48c3088c117bdd5c07d7eac76b790bd06412d85c1d5907ece86dafec1
water_splash_slime/slime_11.ogg	21546	.ogg	949f2d48602ac23a2697626b574a5bc782cb2e4f0e03931d0ae57455c73eaabe
water_splash_slime/slime_12.ogg	13644	.ogg	de5437b5ad2af49f6914679011bb212934986c1e13e9a4c9cf45537490f66f6e
water_splash_slime/slime_13.ogg	28613	.ogg	d6e64612d1b539971ef9ea0ba8c803841b71a144d5e04491d7019be10087a931
water_splash_slime/slime_14.ogg	20054	.ogg	37215c6a71c3f97c87c6e687346dd4c1542276c9d22eb1c0488ba1e15ea93b79
water_splash_slime/slime_15.ogg	23204	.ogg	5e1581251516ed8e0e86f013cac317cfd574ffd5740e82798f5c4561915e8294
water_splash_slime/slime_16.ogg	19115	.ogg	9f50f3732420288170866ad29afb46bccfc1eae5f7474937f02d4ed6ada69725
water_splash_slime/splash_01.ogg	64822	.ogg	156f4df0fa1a552d1c4e451284a55000417ea871954dc4b5e0d4302a49e228a8
water_splash_slime/splash_02.ogg	37895	.ogg	eab0bb4bc01386528ba1e6244c6fd8940ee8d3c91ddb9e9cfea186e8560e04de
water_splash_slime/splash_03.ogg	32013	.ogg	ae2cff9a47934ece590dda45ff18acf89c5c98cb5497ce71c50b3a315b225a94
water_splash_slime/splash_04.ogg	46571	.ogg	58dddea3843b89e9504e6f174ea49cd061b1002bb6ae8a94f358409fabb8340a
water_splash_slime/splash_05.ogg	49582	.ogg	7aeaf4ac236629cf71042f56592ffc50e36f552df12c8442600839ce10156ca3
water_splash_slime/splash_06.ogg	25975	.ogg	3581e5bee7307cbe6be17715714029259685ba283cb3423938378506b386afb4
water_splash_slime/splash_07.ogg	62804	.ogg	307e6ea8d4ed122d1f54377437194daf4c2d6103d3a04dd9128c3d7a342d46b8
water_splash_slime/splash_08.ogg	36747	.ogg	fd4c9c8fbfe4ac7348644918a73b1d004b037bac3ef24a1303549b705624828a
water_splash_slime/splash_09.ogg	14795	.ogg	123f78e6bef82b5dfb24f0a93f759b309bd12b21d05905ab401756fc588a31dc
water_splash_slime/splash_10.ogg	18959	.ogg	69ec352dc6c0ea4691435e692063f903c98e5292579ba71297d4fbdb51c33649
water_splash_slime/splash_11.ogg	56216	.ogg	408bd00463f8aba63b470c424b90672c71e8b8596d2cbc23b0d467752b18199a
water_splash_slime/splash_12.ogg	36732	.ogg	59d425f60046afd9c4ea15e85037bcc4e4a0172b5d267852ab1b0571d06d5604
water_splash_slime/splash_13.ogg	38631	.ogg	10bf42f906ea0366c2091405b7d355e74a496b1fe1c4bd40d8965d703c0db2d7
water_splash_slime/splash_14.ogg	27752	.ogg	018984c8e03488b65d4c2dd6e08a9c2115b395ded80cf7209f893e7e664c5d0e
water_splash_slime/splash_15.ogg	25671	.ogg	9b0ef483f0d8939199c10ecf26d952fda92637cb7e1f323decb9388a07a79b03
weird_horror_sources/weird_01.ogg	27536	.ogg	77ac7fe0df4d098426e25ba35c4c9149de636f07b712c72935735cfb00bf9969
weird_horror_sources/weird_02.ogg	17272	.ogg	28d9d2b0f7353aa06078824c10f726022bc8147696cec6e378b19e00a686a63f
weird_horror_sources/weird_03.ogg	38499	.ogg	c854e523e7dced97f956a6feb71ed09def1326d8cb74fe532e42c2f8c48e0c42
weird_horror_sources/weird_04.ogg	20795	.ogg	fd183e6fb888d2ae1660af09acd031afe3c33f67c0645cba11b3e885c8a45e25
weird_horror_sources/weird_05.ogg	30552	.ogg	ba3b3632b3e7887e4ee07d9f7eca3f5c20b2ac062f28edcaffa4935658b66aea
weird_horror_sources/weird_06.ogg	25352	.ogg	35e9fe2bb1b7af94947c5b0f4d3bf9404ca513a5803828f3eec5bb00f6a046c2
weird_horror_sources/weird_07.ogg	35876	.ogg	9e2f9624da10675cf48e566a08161354b70cbb26fd743dfbd240714f587b3edb
weird_horror_sources/weird_08.ogg	18824	.ogg	ea5308eb48232d322d22a9d2be6111966054a4ec22431cd20e438780e7922912
weird_horror_sources/weird_09.ogg	28243	.ogg	b3cb321f4f5cd41c1037a98f78079f408b65b286633174baf6341ff8fab50ea5
weird_horror_sources/weird_10.ogg	36522	.ogg	6dfbdece0c0437429c808cbab284dbf1efcaa3cf3f568c3b103bc00833d8d38d
weird_horror_sources/weird_11.ogg	36192	.ogg	c9bcf9503f02651c1efcfc0e10b9405107c54b5bb327b4f18508124174cba71a
weird_horror_sources/weird_12.ogg	56105	.ogg	1a05879ea2563c27a5852b2d7f7a5f2b519941d468ad010b1cc5891bfa4ff678
weird_horror_sources/weird_13.ogg	21896	.ogg	fe5b6668d074584a9933a49b366cb1f6a232fe25aa2c17ff5bc9108c732f584e
weird_horror_sources/weird_14.ogg	26535	.ogg	2ff18db9f2afba2483247bd0375acbbb8d4e1585474a1e6638761f89549c4b4e
weird_horror_sources/weird_15.ogg	40911	.ogg	82ea37613f7b6eb1088531f4b9df414ba870cfab6a922feaf3ee2892a5841a5f
weird_horror_sources/weird_16.ogg	18430	.ogg	1064c06fcbe811c76db69bbb423b25024b224a08c593a726111a07c3974546fa
weird_horror_sources/weird_17.ogg	24745	.ogg	3e6e2b620f881adfbfa0af4e594c69cf26fca6ea17b94157a2a0b12312e08ebf
weird_horror_sources/weird_18.ogg	40783	.ogg	a91beff9f062345e0165a6eb78d2eef0257abfa9996b87c7ed489959f69eb87e
weird_horror_sources/weird_19.ogg	26100	.ogg	35ee21139556de8b79c5fd2dc6e23c9ecd41efdd2789b3a1953bfd109bb8b081
weird_horror_sources/weird_20.ogg	36674	.ogg	aa9d81783567343c38831776154f74eec5e2f3deedda407b8210443bbbd33ec3
weird_horror_sources/weird_21.ogg	31110	.ogg	ffc7e40ef9fd3889065c2f2126138868257d9cba85c1193e0f86f99060309568
weird_horror_sources/weird_22.ogg	47685	.ogg	6a87c1ecc3f392f5f38e9c3a7bc88c7b076f583586b3940c10160266cb6ba171
weird_horror_sources/weird_23.ogg	14513	.ogg	862edce088592fc47409bfc594028f0cfb804b66abcfcde133f0c775b2cece1a
weird_horror_sources/weird_24.ogg	24045	.ogg	701abb5d8b5711fbc9460ef4ea31ee0df32d6839837eff56be909aaa719f686e
weird_horror_sources/weird_25.ogg	27012	.ogg	4523b6d72e133ef5f36574e7a5e3e5cb4b2aac99fca36a40aa5e0af7794a5edf
weird_horror_sources/weird_26.ogg	20768	.ogg	a5a18415ad40253821a711c8b6c4170f7ef5ad0e01a3dfba75a92a6dff88acc5
weird_horror_sources/weird_27.ogg	24230	.ogg	a327408b8cc6f59985a9de509e4a2e8b008bebb2095bf2e726ceeeca89978412
weird_horror_sources/weird_28.ogg	53499	.ogg	405f891d2fd1e31eb4f2a96955692b30b1b149254fd973cf10f3bd9dc9cba5b4
weird_horror_sources/weird_29.ogg	33444	.ogg	12410a7f3a5fbd1f153012e55bd5ae83c594411c7eeffc9b8ea9463ecb5b4da4
weird_horror_sources/weird_30.ogg	56178	.ogg	7f5ec31dd31a05182be5a975e19cf77a0f1503a9d02faab8678321ad371ca3b6
wood_metal_rubberduck/door_open_01.ogg	17265	.ogg	58455b99af8f62b10559607435de0f72b9c798ebe085f49101df3c3d9ec043c7
wood_metal_rubberduck/hammer_01.ogg	15402	.ogg	ebbeac7365b2b4f4eaa6829a3c09e0be46e20950f8322eb5c72a616679d6c482
wood_metal_rubberduck/hammer_02.ogg	12076	.ogg	0e4a3eac2ffd7bd7f3d7dea84df761bd2ef1dbe754199d16f11aa8dd5a668781
wood_metal_rubberduck/hammer_03.ogg	12435	.ogg	98052d53c8a27747fe08cc0a7e0e7ff75a260bd6bea7b6de49968840dccda090
wood_metal_rubberduck/hammer_04.ogg	12845	.ogg	7fd6d4ab5a7fe6e0993b99fe91010271548bd319a50237f16120a431040ae169
wood_metal_rubberduck/keys_01.ogg	18061	.ogg	8bc33b2545a8bd9c1b0e2c47665c6bb9ca981ab972415f66a2d468d0b4921a5a
wood_metal_rubberduck/keys_02.ogg	21599	.ogg	ce802cc346ef49a71fcae75ec2a45bbf8c7a1cfe365d3d5b6755b902ce4b9523
wood_metal_rubberduck/keys_03.ogg	20971	.ogg	7feae62edb5f00bff8f798aca958413a058a3ec3c341677235834903291e6fe4
wood_metal_rubberduck/keys_04.ogg	17603	.ogg	22f7c1475af93208149c1219b1fc7fdfd746a5fed1b95a7fe60b130c0c27ee2d
wood_metal_rubberduck/keys_05.ogg	26933	.ogg	d31aef529ad99479417b4968fa239cf4841f0ae7eba23933b19a476c7c3d2f07
wood_metal_rubberduck/keys_06.ogg	30051	.ogg	9f637b55456930eddaa9432ace31009d37c543b64738fa1ab8452d58b1c82123
wood_metal_rubberduck/keys_07.ogg	30494	.ogg	6c759cbd2dd2d1ea7f11a84d1b40f9e9ac62d49faf260100760e2dc9c77c4a28
wood_metal_rubberduck/lock_open_01.ogg	33021	.ogg	f37728690c9559d32527b55e25102a1acb7beafdfab7ad12e099285d13d29e01
wood_metal_rubberduck/metal_close_01.ogg	29099	.ogg	f504b912782760ff3ec25814db6c27bd2d884a94cda2a94d0ffbec921ab478b6
wood_metal_rubberduck/metal_falling_01.ogg	64014	.ogg	84f68de4298918630f328087486619e4b80892f7655724f9d391af730b37cea0
wood_metal_rubberduck/metal_falling_02.ogg	40266	.ogg	df317939deadccb4c1b4c83f7b18d549cb0b4d46ed996607d703f1a6122fea6f
wood_metal_rubberduck/metal_hit_01.ogg	12422	.ogg	f5fd185fce454947c1d91ce6757e219c4d7c6c139d4aa9d419cd7a79c7f6df3b
wood_metal_rubberduck/metal_hit_02.ogg	17378	.ogg	9074c0828727bd00834cabcaaf5b8cbff2cfad7b45676b95d86c0919e444f8b1
wood_metal_rubberduck/metal_hit_03.ogg	17431	.ogg	9daf6e7e1fc1871acfb063cb25ce050faab559ee6c42fed84bf18a4067f26a4d
wood_metal_rubberduck/metal_hit_04.ogg	15532	.ogg	dfc5ebc2cafcf2670f3937882c5040abe5c8855885c886023592d9a0779dde48
wood_metal_rubberduck/metal_hit_05.ogg	13937	.ogg	04e4d0926afd4bcd7d451884e0a74cea7c9661f56e211aeb8a4ee07bbccf4715
wood_metal_rubberduck/metal_open_01.ogg	47159	.ogg	b68844e779fd0d4234bd2511d91db1c72cbf10fa9bc0bbd49f3be6bdb311eb6d
wood_metal_rubberduck/metal_sheet_01.ogg	18428	.ogg	114002a50404928b5e257d1d188d1da5f197c251868ef37182e9aba15bca7a72
wood_metal_rubberduck/metal_sheet_02.ogg	20927	.ogg	152604697b4a7e36f7b0644bb4ffc9fbb96831c2387313e9e14c732068420606
wood_metal_rubberduck/metal_sheet_03.ogg	25381	.ogg	f7938996a1271dcd4e54e0b3fcbbbaa9960ec93dcc745dd4d0dbd7d300b0a9bc
wood_metal_rubberduck/metal_sheet_04.ogg	18350	.ogg	4c3a2db2940ce846d745fea57407dd8644e60dc15ecc203dee2d02713ebb2fd4
wood_metal_rubberduck/metal_sheet_05.ogg	15069	.ogg	cea32d672ee3bbc4098cdfc9c5984858071b2a8255ff2abd30e4c900822dfd7f
wood_metal_rubberduck/metal_sheet_06.ogg	26995	.ogg	d420000a04be527a1cbd6ddf9f9d4a77e7929c8941364b2dc575c1254204a8c2
wood_metal_rubberduck/metal_slam_01.ogg	24256	.ogg	a335ccf202578bd740f930f0648a4dcbbbce3ebb2519335be023532578f56176
wood_metal_rubberduck/metal_spring_01.ogg	30914	.ogg	bc7d84bf0353ef884c62dc0a9ef29e05864d452ac8509a40e125fb9d7507f98f
wood_metal_rubberduck/metal_spring_02.ogg	27119	.ogg	373fb40c3f895e04623633057160a217005b04816a957094ae3c3d66fe21dca0
wood_metal_rubberduck/misc_01.ogg	45207	.ogg	8f3417358d867d09ca4a7eb103d1662e6091255efcfa18e3789fd7afdcad79b7
wood_metal_rubberduck/misc_02.ogg	17054	.ogg	1dd47726713d8d9e5bc862658866e028f758ee3a07649ec887ceab2b371e5eaf
wood_metal_rubberduck/misc_03.ogg	29427	.ogg	072f97bda14a9926ef01a6e7ef244e7fd0b24d2e58fd22b1a7a21776229f1bcf
wood_metal_rubberduck/misc_04.ogg	27244	.ogg	97fad46cfefc55a1693e1fefa7e6529754b8ec2d678bed36a914a2fd8f7cf808
wood_metal_rubberduck/misc_05.ogg	31353	.ogg	42f012188dec2887d97e2969c6f315c85ba8a9b91dd6115d8a00368d3581ad6d
wood_metal_rubberduck/misc_06.ogg	31099	.ogg	9f6d3a779148408b130a3e8bb2b214b61158afa90331e3570e05240dc426c519
wood_metal_rubberduck/misc_07.ogg	40617	.ogg	0441a1c4c5b4530d932c67b3786b94791bab65830b8b84f3a9eff6ad838ccae2
wood_metal_rubberduck/misc_08.ogg	19377	.ogg	eb874c92e07aa2498a521b1ad95b8711729abaef5457fb9cb0586f42f93b346e
wood_metal_rubberduck/misc_09.ogg	32253	.ogg	e3de74b187495c4b519e6dd9e00312208a69281ffffcde01ed6acc0324b605cf
wood_metal_rubberduck/misc_10.ogg	22160	.ogg	aecbdff15fad7a0c9c3cd9210eb8163df6519cb0508ddbdae27a140ff95d279c
wood_metal_rubberduck/misc_11.ogg	26124	.ogg	54e2662594ff34ae369c31908a9d1c67cf81f1a0efe74a60ae8ebdc0ee996544
wood_metal_rubberduck/misc_12.ogg	16028	.ogg	c6121995566e0f4757e022e3387dcee80e408fd5c8becae9b832741c9cfdf4ff
wood_metal_rubberduck/misc_13.ogg	15643	.ogg	4091e23723f5b3e689d5c87a84ba9f177890dbebffbf2adf10dc2a20aa91d465
wood_metal_rubberduck/misc_14.ogg	24441	.ogg	7afafe15f3fa05ae071faf5eeee8eb43f8fbec6dcf51ef908caf59273c88e532
wood_metal_rubberduck/misc_15.ogg	23576	.ogg	31bc6513d98c0c28b36f17f692d62071b46f17cba44766861b6f76949fe1383c
wood_metal_rubberduck/misc_16.ogg	17712	.ogg	db99816cdc8b8a6d6b86b37af7476a3fb04f1d7341c37be1b1c481eb76cbc7b0
wood_metal_rubberduck/misc_17.ogg	15176	.ogg	56aec918804e02916f0dc0f30a3e7c59163e69098832de2b5aa07ff2d6941626
wood_metal_rubberduck/tools_01.ogg	23580	.ogg	a679ab1a1d3fafcddf408e3f39fa55c23f5725ff84d8c9aff6e04511805616cc
wood_metal_rubberduck/tools_02.ogg	19976	.ogg	f38aa1f822bd1d4ba2fbf7df2a8c12ea27dbca537b81cf9032b8729fe7223822
wood_metal_rubberduck/tools_03.ogg	22921	.ogg	2e3e006dc02d0ddd462b7a961e86712922849862379ac4f9524bff876cac92e3
wood_metal_rubberduck/tools_04.ogg	37563	.ogg	38dff738edb9ad33e35dd65dedd1d3c07e5a04c4613631daa99b0a6a7bf2597b
wood_metal_rubberduck/tools_05.ogg	22526	.ogg	32e51e074cfbf11c1bef75ad827ffd07be6215ced153d6a7eda7954703c193ce
wood_metal_rubberduck/tools_06.ogg	23192	.ogg	a8ca49d4c86d295c983312b8859d4620db4fdf198142f3e6defe71db615c1acd
wood_metal_rubberduck/tools_07.ogg	18065	.ogg	bd0b8f1b7438bf1a2e69cfda7e760ba98ca8dbe37195a1fc8e922fadfc291138
wood_metal_rubberduck/tools_08.ogg	20105	.ogg	7b12fb3f6e7eb4207e76809cc8b875bbd9161b1b340a3f13349023ed127e109d
wood_metal_rubberduck/tools_09.ogg	25340	.ogg	81a2a696eff9980f31e4081470d4ce5de40477f52177aa9c0d7f7f18166a2086
wood_metal_rubberduck/tools_10.ogg	23892	.ogg	0ed377175537e140950a7656012d991910135925c8f2df93d6ed60819e51eedd
wood_metal_rubberduck/tools_11.ogg	21243	.ogg	04a8867b10ef3b694891cd3260747e7970de4eb0dea8db32f7935f24f44482a0
wood_metal_rubberduck/tools_12.ogg	20291	.ogg	27b4bc998d47d4e7c0bc91b1f7bd9529b9be6c0ef7fdc1540f5ecb885cc1774c
wood_metal_rubberduck/wood_breaking_01.ogg	28031	.ogg	83a0e17e536a17897d5915e88c9e70d0be06d0a43bb3a38f44314ada46b06a3e
wood_metal_rubberduck/wood_breaking_02.ogg	24126	.ogg	042e97ceaa551dd3fcccba0e9bdf1e8145133ac4d2ee0b0cbcd0ee698b7cb229
wood_metal_rubberduck/wood_close_01.ogg	18325	.ogg	e4cbbaa6331b42a32cc3a63d643f4849c65c39a45e7c57d568eb1790619af06d
wood_metal_rubberduck/wood_close_02.ogg	17485	.ogg	250275ce07101fa11ee8f371972e67e1024737a2d1d6b23a6772c2935b193f39
wood_metal_rubberduck/wood_cracking_01.ogg	11910	.ogg	ee00fa26ec72a2bd05adc71a4edf6627db2adedc6f0416ef6788c4790c1d2724
wood_metal_rubberduck/wood_cracking_02.ogg	15144	.ogg	128a798ebb92958c9bee5a71c420c3f61f59c241ecaca75f0bbde780bb086abd
wood_metal_rubberduck/wood_cracking_03.ogg	14747	.ogg	9d0a3e8ee99fbf4e83472fcc26a48f834a6ac01c60769b9712e93f1e2a7f3116
wood_metal_rubberduck/wood_cracking_04.ogg	13788	.ogg	9ac6d1ab3bce4a872bbde85fc1dc73f8243c1cfed95b0d135f3632be8b632e38
wood_metal_rubberduck/wood_falling_01.ogg	27848	.ogg	38c5307455f35c3b61e06fbd01cae41f245cd45b12807747bd5830b2ff7448d1
wood_metal_rubberduck/wood_falling_02.ogg	23581	.ogg	b5f8794539fb13d73444d1b955877dbf5e5bf4ad37723dc08e7d3eb1d75273f5
wood_metal_rubberduck/wood_falling_03.ogg	22906	.ogg	e844780ce472459cf1ee90e0cf8f49f05a0e0be5566ada20db42523f67fd0233
wood_metal_rubberduck/wood_falling_04.ogg	18374	.ogg	c0e6c75ce6eac3cd7a05008dff45e65dcd313d7d6706585de06d1948c01f3cf6
wood_metal_rubberduck/wood_falling_05.ogg	32966	.ogg	b3ed00cd0113912a28b65f56488ecf66002ab7f3dba68a675eca81684f9b10d5
wood_metal_rubberduck/wood_falling_06.ogg	24754	.ogg	663880c8e43f0f4fe9f001de8023f93ff874079fa84dde1d68aae0837c07a81f
wood_metal_rubberduck/wood_hammer_01.ogg	14174	.ogg	7af2b82ed659153da6c3dd69024e15bdb3c3c5b101c4086ee2181c1f846fe28a
wood_metal_rubberduck/wood_hammer_02.ogg	13316	.ogg	f3e8812f053d35d5ebbaec39c7d7136ccfcf4ad7b420beded1401c9aaca13625
wood_metal_rubberduck/wood_hit_01.ogg	13573	.ogg	cf3211d80094cd363e8e56906ad42a8baf10f31ef9e197f3f63464a957bade3a
wood_metal_rubberduck/wood_hit_02.ogg	16082	.ogg	533144d0633e756d91a7ee6d3a1f00bed81ad85d221232c5e4812e4fd7b14177
wood_metal_rubberduck/wood_hit_03.ogg	16580	.ogg	0f78a5cbe44d2ee45dfc1709f72af87bcbe5e3a8ad369b52535cfe6dbbd626a6
wood_metal_rubberduck/wood_hit_04.ogg	16065	.ogg	c7723f3c577cc6f46b091233fcb735016c6e15d462b371393baa4d265aef52b6
wood_metal_rubberduck/wood_hit_05.ogg	9553	.ogg	a6e1a4cfb65c4fc46248b3db84666275d466c2434c283028c7f0ce70035e75de
wood_metal_rubberduck/wood_hit_06.ogg	13185	.ogg	6224beb74c930ac6b88358ced7c024b23a50d71acfe565e83cc29ffbe383676e
wood_metal_rubberduck/wood_hit_07.ogg	14805	.ogg	80176bf1f0a503df1b802c758af2c62f72b6c93c586b8071615174fd7b5abfca
wood_metal_rubberduck/wood_hit_08.ogg	17512	.ogg	b91720c949e065eabf8980beefe95bc1ede281224d834838c32a6753f2ad93a1
wood_metal_rubberduck/wood_hit_09.ogg	12494	.ogg	7e90e5834792ea302ef767235b92862045b4075021c73bc2e0ee3f352bc5cdc1
wood_metal_rubberduck/wood_misc_01.ogg	20566	.ogg	29db37359c77f06c20e8c92148dfec69d3c50a174122505cf4d2b9726b14162c
wood_metal_rubberduck/wood_misc_02.ogg	16143	.ogg	458f522d941247ee447978307842c67aec08b421878c16d2d357172c7a579e9a
wood_metal_rubberduck/wood_misc_03.ogg	19914	.ogg	4e875c284377b8809e5b7acf7fa04aae1d8d44ada43d2592ca4e8802b8621bfe
wood_metal_rubberduck/wood_misc_04.ogg	20676	.ogg	75e5b460e59250b542eb315adc39899c624042d5b58dd92eef57c5a53d750bc4
wood_metal_rubberduck/wood_misc_05.ogg	13593	.ogg	b6cd88c1de4d423d8ba69e6b5aea2ab348baaacd5b411fd03a145699a3fb4169
wood_metal_rubberduck/wood_misc_06.ogg	19364	.ogg	b0f0ec852dbb8e108817411089c150bd40c93d326719bd2cf1561e87fded3e20
wood_metal_rubberduck/wood_misc_07.ogg	20467	.ogg	0868c3ad57a72cab43e8904a030156efe9169717d886517341f0abc2942d14eb
wood_metal_rubberduck/wood_misc_08.ogg	15825	.ogg	c2e09d4ee40480defa46d11d63fc80a578fe098985470afa8d2bb3ee1840732e
wood_metal_rubberduck/wood_misc_09.ogg	31973	.ogg	bae89cd81dbfae2feb52718bc8811ec773443ffd80cdc7ea8ec055f130cbb035
wood_metal_rubberduck/wood_slam_01.ogg	13534	.ogg	a6c0789f549c57bf2022d2bc131b5d78b66c2ea9483d7bf2f6d2d5f74302137c
wood_metal_rubberduck/wood_slam_02.ogg	23991	.ogg	73606869502682f640ebc0ab330c66801650a58a363f90c93c7882cd1abb587f
wood_metal_rubberduck/wood_slam_03.ogg	20188	.ogg	fe61f296255b041c3bad6bbde0c7cf1325965b252d03833fe35deebaa7a1bd76
wood_metal_rubberduck/wood_slam_04.ogg	17868	.ogg	a1b97f2f3821eb52ab42852fb4538b7bd0a6f080e1608fba0a813105ba85cace
wood_metal_rubberduck/wood_squeak_01.ogg	21785	.ogg	c6c90e02993b2e044937f344351b417aeff6841aa4cd683f208d85ececf23392
wood_metal_rubberduck/wood_squeak_02.ogg	19159	.ogg	841793c92034e419afec66538f7cf08f0f36f307aa3a1a5aaf7b664a0a178dee
zombie_moans_darsycho/zombie_moans.ogg	181933	.ogg	49b0bd7a7908f2b3ea61ae93ccf584ab650705d62e8ed6d4c8c9f5b98ad37b05
zombies_artisticdude/__MACOSX/zombies/._zombie-1.wav	82	.wav	f0d979420055d91dd883ebb75f59df8ef605794c89e76990382a117a78d48b1d
zombies_artisticdude/__MACOSX/zombies/._zombie-10.wav	82	.wav	f0d979420055d91dd883ebb75f59df8ef605794c89e76990382a117a78d48b1d
zombies_artisticdude/__MACOSX/zombies/._zombie-11.wav	82	.wav	f0d979420055d91dd883ebb75f59df8ef605794c89e76990382a117a78d48b1d
zombies_artisticdude/__MACOSX/zombies/._zombie-12.wav	82	.wav	f0d979420055d91dd883ebb75f59df8ef605794c89e76990382a117a78d48b1d
zombies_artisticdude/__MACOSX/zombies/._zombie-13.wav	82	.wav	f0d979420055d91dd883ebb75f59df8ef605794c89e76990382a117a78d48b1d
zombies_artisticdude/__MACOSX/zombies/._zombie-14.wav	82	.wav	f0d979420055d91dd883ebb75f59df8ef605794c89e76990382a117a78d48b1d
zombies_artisticdude/__MACOSX/zombies/._zombie-15.wav	82	.wav	f0d979420055d91dd883ebb75f59df8ef605794c89e76990382a117a78d48b1d
zombies_artisticdude/__MACOSX/zombies/._zombie-16.wav	82	.wav	f0d979420055d91dd883ebb75f59df8ef605794c89e76990382a117a78d48b1d
zombies_artisticdude/__MACOSX/zombies/._zombie-17.wav	82	.wav	f0d979420055d91dd883ebb75f59df8ef605794c89e76990382a117a78d48b1d
zombies_artisticdude/__MACOSX/zombies/._zombie-18.wav	82	.wav	f0d979420055d91dd883ebb75f59df8ef605794c89e76990382a117a78d48b1d
zombies_artisticdude/__MACOSX/zombies/._zombie-19.wav	82	.wav	f0d979420055d91dd883ebb75f59df8ef605794c89e76990382a117a78d48b1d
zombies_artisticdude/__MACOSX/zombies/._zombie-2.wav	82	.wav	f0d979420055d91dd883ebb75f59df8ef605794c89e76990382a117a78d48b1d
zombies_artisticdude/__MACOSX/zombies/._zombie-20.wav	82	.wav	f0d979420055d91dd883ebb75f59df8ef605794c89e76990382a117a78d48b1d
zombies_artisticdude/__MACOSX/zombies/._zombie-21.wav	82	.wav	f0d979420055d91dd883ebb75f59df8ef605794c89e76990382a117a78d48b1d
zombies_artisticdude/__MACOSX/zombies/._zombie-22.wav	82	.wav	f0d979420055d91dd883ebb75f59df8ef605794c89e76990382a117a78d48b1d
zombies_artisticdude/__MACOSX/zombies/._zombie-23.wav	82	.wav	f0d979420055d91dd883ebb75f59df8ef605794c89e76990382a117a78d48b1d
zombies_artisticdude/__MACOSX/zombies/._zombie-24.wav	82	.wav	f0d979420055d91dd883ebb75f59df8ef605794c89e76990382a117a78d48b1d
zombies_artisticdude/__MACOSX/zombies/._zombie-3.wav	82	.wav	f0d979420055d91dd883ebb75f59df8ef605794c89e76990382a117a78d48b1d
zombies_artisticdude/__MACOSX/zombies/._zombie-4.wav	82	.wav	f0d979420055d91dd883ebb75f59df8ef605794c89e76990382a117a78d48b1d
zombies_artisticdude/__MACOSX/zombies/._zombie-5.wav	82	.wav	f0d979420055d91dd883ebb75f59df8ef605794c89e76990382a117a78d48b1d
zombies_artisticdude/__MACOSX/zombies/._zombie-6.wav	82	.wav	f0d979420055d91dd883ebb75f59df8ef605794c89e76990382a117a78d48b1d
zombies_artisticdude/__MACOSX/zombies/._zombie-7.wav	82	.wav	f0d979420055d91dd883ebb75f59df8ef605794c89e76990382a117a78d48b1d
zombies_artisticdude/__MACOSX/zombies/._zombie-8.wav	82	.wav	f0d979420055d91dd883ebb75f59df8ef605794c89e76990382a117a78d48b1d
zombies_artisticdude/__MACOSX/zombies/._zombie-9.wav	82	.wav	f0d979420055d91dd883ebb75f59df8ef605794c89e76990382a117a78d48b1d
zombies_artisticdude/zombies/zombie-1.wav	227056	.wav	dad8280256985cadc5745f407c53ebdcf428d55e6369a70847e5b83d60e98c17
zombies_artisticdude/zombies/zombie-10.wav	182898	.wav	be9223a5c65ad1c1444e6e2153918d8c2a2a1dee59efeb36fa5bbb060c2bfed8
zombies_artisticdude/zombies/zombie-11.wav	133220	.wav	edbe930f09f61f034c90b80a6f5b06757fbea2a8f2b9ccdc263ed9246b33a400
zombies_artisticdude/zombies/zombie-12.wav	210492	.wav	2b1984e3485715642a1195393fd35227eadc27b8f7eeb968956e18f4e8cb9400
zombies_artisticdude/zombies/zombie-13.wav	149782	.wav	b8a64c3a557d7ce0b69492717bc1a88706b69c499a2714f02527d822a8462545
zombies_artisticdude/zombies/zombie-14.wav	177376	.wav	b1fffbf93fd9cf353a9dd0d519b6cd6e739bd3fb28853a580e018ac73efdda4b
zombies_artisticdude/zombies/zombie-15.wav	232570	.wav	19d0955dfcca86939dbce76388dad5d3ad4dd8ed70bf7ce457d9a46b555e220b
zombies_artisticdude/zombies/zombie-16.wav	381606	.wav	637f8d26b186005246a279fb19def56c81eebcf144c2346460ac1e4fc0075fc7
zombies_artisticdude/zombies/zombie-17.wav	420242	.wav	c954b6173399ed574c1c1350b8da4a5b465e0454cc810d6e49779fe121fafa34
zombies_artisticdude/zombies/zombie-18.wav	293286	.wav	91c33adaf9efa32d87c364eb2a679833a24ac5586c52f675f3e9cf8cedfde199
zombies_artisticdude/zombies/zombie-19.wav	260170	.wav	79fa7bb077c0b5c46837a63299a1df3269a2310f25b6a3055dd27a4700c74789
zombies_artisticdude/zombies/zombie-2.wav	188414	.wav	b8833b90e2f929cb28ce067e10dacc6e807f47f92393b8f2e6fd17d34f207efe
zombies_artisticdude/zombies/zombie-20.wav	254650	.wav	3a962ea1d8517ad4c2fea8221e6a0e622dcad3ba34bae5a436d4f0971774b56d
zombies_artisticdude/zombies/zombie-21.wav	287770	.wav	d58c26ae8df808238becc3434cf46778fca4582e9fcda138bdc01f720ecbbefc
zombies_artisticdude/zombies/zombie-22.wav	177376	.wav	3224f8e3e9e446e5e424a9f6ce11ee78784ebd7bdc2db535306b337c973e6e02
zombies_artisticdude/zombies/zombie-23.wav	216012	.wav	d467553c380b0c2fb04cd5e5583ec53d0d3620902cf3b90e6aa64438f3e5e84c
zombies_artisticdude/zombies/zombie-24.wav	89062	.wav	3776a39a471c215f26115290837012084fc07f37e20b4808ce76f5dafe98f2fb
zombies_artisticdude/zombies/zombie-3.wav	155298	.wav	8097e5c1da76b30ae5a1dca0b85d70fab0e1386170a03acc77f9492047ac4e84
zombies_artisticdude/zombies/zombie-4.wav	193940	.wav	36b6376649969e11112361afb00e6d161a2433f9db045273d9ed40d6e9b06ab0
zombies_artisticdude/zombies/zombie-5.wav	133220	.wav	6920b559f953d19737f65a9da5b31f7bb3e1421c48552f52d7a57399d507574b
zombies_artisticdude/zombies/zombie-6.wav	144256	.wav	2ad9acaccc9bc29f77f89581767699c3ed8d9630c19a11a8bbf6332ce89686a2
zombies_artisticdude/zombies/zombie-7.wav	155298	.wav	8e63e327c960bfe76d0402f7a54f7629272e6346e5c6b84ac35ad52b9597dec8
zombies_artisticdude/zombies/zombie-8.wav	221534	.wav	98dadef79f3cdbf120277e24e95919dfc2e853a45a7d72273a1d3c2cbc1ea823
zombies_artisticdude/zombies/zombie-9.wav	232570	.wav	938c9a75828cda0ec78482e7a969cebc8f989968dcde15326e8c5a2f437fd468
